;MOEX Brent Settlement;ICE Brent Settlement Price;DME Oman Crude Marker price;WTI Settlement
03.01.2017;;55.47;55.04;52.33
06.01.2017;;57.10;54.98;53.99
09.01.2017;;54.94;54.99;51.96
10.01.2017;;53.64;53.40;50.82
11.01.2017;;55.10;52.20;52.25
12.01.2017;;56.01;53.72;53.01
13.01.2017;;55.45;54.38;52.37
16.01.2017;;55.86;53.72;52.37
17.01.2017;;55.47;54.22;52.48
18.01.2017;;53.92;54.21;51.08
19.01.2017;;54.16;53.18;51.37
20.01.2017;;55.49;52.98;52.42
23.01.2017;;55.23;53.60;52.75
24.01.2017;;51.60;51.33;49.23
24.01.2017;;55.44;54.10;53.18
25.01.2017;;55.08;53.60;52.75
26.01.2017;;56.24;54.07;53.78
27.01.2017;;55.52;54.40;53.17
30.01.2017;;55.23;53.43;52.63
31.01.2017;;55.70;53.26;52.81
01.02.2017;;56.80;53.80;53.88
02.02.2017;;56.56;55.41;53.54
03.02.2017;;56.81;55.91;53.83
06.02.2017;;55.72;55.88;53.01
07.02.2017;;55.05;54.76;52.17
08.02.2017;;55.12;53.65;52.34
09.02.2017;;55.63;54.58;53.00
10.02.2017;;56.70;54.59;53.86
13.02.2017;;55.59;55.45;52.93
14.02.2017;;55.97;55.06;53.20
15.02.2017;;55.75;54.87;53.11
16.02.2017;;55.65;55.14;53.36
17.02.2017;;55.81;55.16;53.40
20.02.2017;;56.18;55.43;53.40
21.02.2017;;56.66;55.56;54.06
24.02.2017;;55.99;55.54;53.99
27.02.2017;;55.93;55.56;54.05
28.02.2017;;55.59;55.12;54.01
01.03.2017;;56.36;55.60;53.83
02.03.2017;;55.08;55.36;52.61
03.03.2017;;55.90;54.27;53.33
06.03.2017;;56.01;54.31;53.20
08.03.2017;;53.11;54.39;50.28
09.03.2017;;52.19;52.74;49.28
10.03.2017;;51.37;51.32;48.49
13.03.2017;;51.35;50.19;48.40
14.03.2017;;50.92;50.07;47.72
15.03.2017;;51.81;50.41;48.86
16.03.2017;;51.74;51.14;48.75
17.03.2017;;51.76;50.63;48.78
20.03.2017;;51.62;50.42;48.22
21.03.2017;;50.96;50.93;47.34
22.03.2017;;50.64;49.74;48.04
23.03.2017;;50.56;49.87;47.70
24.03.2017;;50.80;49.67;47.97
27.03.2017;;50.75;49.51;47.73
28.03.2017;;51.33;49.89;48.37
29.03.2017;;52.42;50.76;49.51
30.03.2017;;52.96;51.10;50.35
31.03.2017;;52.83;51.85;50.60
03.04.2017;;53.12;52.24;50.24
04.04.2017;;54.17;51.50;51.03
05.04.2017;;54.36;53.41;51.15
06.04.2017;;54.89;53.14;51.70
07.04.2017;;55.24;54.49;52.24
10.04.2017;;55.98;54.29;53.08
11.04.2017;;56.23;54.72;53.40
12.04.2017;;55.86;55.34;53.11
13.04.2017;;55.89;54.68;53.18
14.04.2017;;55.89;54.68;53.18
17.04.2017;;55.36;54.27;52.65
18.04.2017;;54.89;53.86;52.41
19.04.2017;;52.93;53.67;50.44
20.04.2017;;52.99;52.03;50.27
21.04.2017;;51.96;51.72;49.62
25.04.2017;;52.10;50.63;49.56
26.04.2017;;51.82;50.99;49.62
27.04.2017;;51.44;50.47;48.97
01.05.2017;;51.52;50.59;48.84
02.05.2017;;50.46;50.74;47.66
03.05.2017;;50.79;49.97;47.82
04.05.2017;;48.38;49.50;45.52
09.05.2017;;48.73;48.63;45.88
10.05.2017;;50.22;48.26;47.33
11.05.2017;;50.77;49.80;47.83
12.05.2017;;50.84;49.67;47.84
15.05.2017;;51.82;51.04;48.85
16.05.2017;;51.65;51.24;48.66
17.05.2017;;52.21;50.52;49.07
18.05.2017;;52.51;51.08;49.35
19.05.2017;;53.61;52.14;50.33
22.05.2017;;53.87;52.88;50.73
23.05.2017;;54.15;52.35;51.47
24.05.2017;;53.96;53.24;51.36
25.05.2017;;51.46;52.90;48.90
26.05.2017;;52.15;50.46;49.80
29.05.2017;;52.29;50.64;49.80
30.05.2017;;51.84;50.37;49.66
31.05.2017;;50.31;49.92;48.32
01.06.2017;;50.63;50.26;48.36
02.06.2017;;49.95;48.52;47.66
05.06.2017;;49.47;48.87;47.40
06.06.2017;;50.12;48.02;48.19
07.06.2017;;48.06;48.56;45.72
08.06.2017;;47.86;47.28;45.64
12.06.2017;;48.29;47.26;46.08
13.06.2017;;48.72;47.54;46.46
14.06.2017;;47.00;46.93;44.73
15.06.2017;;46.92;45.68;44.46
16.06.2017;;47.37;45.95;44.74
19.06.2017;;46.91;45.80;44.20
20.06.2017;;46.02;45.76;43.23
21.06.2017;;44.82;44.47;42.53
22.06.2017;;45.22;43.55;42.74
23.06.2017;;45.54;44.18;43.01
26.06.2017;;45.83;44.67;43.38
27.06.2017;;46.65;45.18;44.24
28.06.2017;;47.31;45.37;44.74
29.06.2017;;47.42;46.46;44.93
14.07.2017;;48.91;47.01;46.54
17.07.2017;;48.42;47.78;46.02
18.07.2017;;48.84;47.21;46.40
19.07.2017;;49.70;47.45;47.12
20.07.2017;;49.30;48.37;46.79
21.07.2017;;48.06;48.23;45.77
24.07.2017;;48.60;46.53;46.34
25.07.2017;;50.20;47.36;47.89
26.07.2017;;50.97;49.13;48.75
27.07.2017;;51.49;49.39;49.04
28.07.2017;;52.52;49.83;49.71
31.07.2017;;52.65;50.47;50.17
01.08.2017;;51.78;51.42;49.16
02.08.2017;;52.36;50.28;49.59
03.08.2017;;52.01;50.94;49.03
04.08.2017;;52.42;50.43;49.58
07.08.2017;;52.37;50.97;49.39
08.08.2017;;52.14;51.42;49.17
09.08.2017;;52.70;50.96;49.56
10.08.2017;;51.90;51.73;48.59
11.08.2017;;52.10;49.95;48.82
14.08.2017;;50.73;50.47;47.59
15.08.2017;;50.80;49.35;47.55
16.08.2017;;50.27;49.65;46.78
17.08.2017;;51.03;48.72;47.09
18.08.2017;;52.72;49.37;48.51
21.08.2017;;51.66;50.80;47.37
22.08.2017;;51.87;50.12;47.64
23.08.2017;;52.57;50.01;48.41
24.08.2017;;52.04;50.62;47.43
25.08.2017;;52.41;50.71;47.87
28.08.2017;;51.89;50.67;46.57
29.08.2017;;52.00;50.44;46.44
30.08.2017;;50.86;50.30;45.96
31.08.2017;;52.38;49.60;47.23
01.09.2017;;52.75;51.35;47.29
04.09.2017;;52.34;51.04;47.29
05.09.2017;;53.38;51.41;48.66
06.09.2017;;54.20;52.48;49.16
07.09.2017;;54.49;53.41;49.09
08.09.2017;;53.78;53.48;47.48
11.09.2017;;53.84;52.48;48.07
12.09.2017;;54.27;52.46;48.23
13.09.2017;;55.16;53.19;49.30
14.09.2017;;55.47;53.92;49.89
15.09.2017;;55.62;54.01;49.89
18.09.2017;;55.48;54.26;49.91
19.09.2017;;55.14;54.48;49.48
20.09.2017;;56.29;54.33;50.41
21.09.2017;;56.43;55.18;50.55
22.09.2017;;56.86;55.60;50.66
25.09.2017;;59.02;55.94;52.22
26.09.2017;;58.44;56.76;51.88
27.09.2017;;57.90;56.36;52.14
28.09.2017;;57.41;56.02;51.56
29.09.2017;;57.54;55.84;51.67
02.10.2017;;56.12;55.24;50.58
03.10.2017;;56.00;54.59;50.42
04.10.2017;;55.80;54.09;49.98
05.10.2017;;57.00;54.55;50.79
06.10.2017;;55.62;55.36;49.29
09.10.2017;;55.79;53.94;49.58
10.10.2017;;56.61;54.16;50.92
11.10.2017;;56.94;54.81;51.30
12.10.2017;;56.25;54.99;50.60
13.10.2017;;57.17;55.51;51.45
16.10.2017;;57.82;55.99;51.87
17.10.2017;;57.88;56.23;51.88
18.10.2017;;58.15;56.38;52.04
19.10.2017;;57.23;55.53;51.29
20.10.2017;;57.75;55.15;51.47
23.10.2017;;57.37;55.88;51.90
24.10.2017;;58.33;55.24;52.47
25.10.2017;;58.44;56.21;52.18
26.10.2017;;59.30;56.14;52.64
27.10.2017;;60.44;57.00;53.90
30.10.2017;;60.90;57.95;54.15
31.10.2017;;61.37;58.13;54.38
01.11.2017;;60.49;59.68;54.30
02.11.2017;;60.62;58.53;54.54
06.11.2017;;64.27;60.63;57.35
07.11.2017;;63.69;62.29;57.20
08.11.2017;;63.49;61.78;56.81
09.11.2017;;63.93;61.60;57.17
10.11.2017;;63.52;62.00;56.74
13.11.2017;;63.16;61.55;56.76
14.11.2017;;62.21;61.24;55.70
15.11.2017;;61.87;59.94;55.33
16.11.2017;;61.36;60.29;55.14
17.11.2017;;62.72;59.61;56.55
20.11.2017;;62.22;60.66;56.09
21.11.2017;;62.57;60.54;56.83
22.11.2017;;63.32;61.08;58.02
23.11.2017;;63.55;61.04;58.02
24.11.2017;;63.86;61.60;58.95
27.11.2017;;63.84;61.47;58.11
28.11.2017;;63.61;61.22;57.99
29.11.2017;;63.11;60.84;57.30
30.11.2017;;63.57;60.75;57.40
01.12.2017;;63.73;60.72;58.36
04.12.2017;;62.45;60.98;57.47
05.12.2017;;62.86;60.06;57.62
06.12.2017;;61.22;60.76;55.96
07.12.2017;;62.20;59.48;56.69
08.12.2017;;63.40;60.30;57.36
11.12.2017;;64.69;60.99;57.99
12.12.2017;;63.34;62.61;57.14
13.12.2017;;62.44;61.39;56.60
14.12.2017;;63.31;60.24;57.04
15.12.2017;;63.23;61.16;57.30
18.12.2017;;63.41;61.50;57.16
19.12.2017;;63.80;61.58;57.46
20.12.2017;;64.56;61.65;58.09
21.12.2017;;64.90;62.26;58.36
22.12.2017;;65.25;62.16;58.47
25.12.2017;;65.25;62.16;58.47
26.12.2017;;67.02;62.68;59.97
27.12.2017;;66.44;63.83;59.64
28.12.2017;;66.72;63.60;59.84
08.01.2018;;67.78;65.27;61.73
09.01.2018;;68.82;65.70;62.96
10.01.2018;;69.20;66.62;63.57
11.01.2018;;69.26;66.55;63.80
12.01.2018;;69.87;66.44;64.30
15.01.2018;;70.26;66.44;64.30
16.01.2018;;69.15;67.21;63.73
17.01.2018;;69.38;66.55;63.97
18.01.2018;;69.31;66.64;63.95
19.01.2018;;68.61;66.04;63.37
22.01.2018;;69.03;66.30;63.49
23.01.2018;;69.96;66.64;64.47
24.01.2018;;70.53;66.96;65.61
25.01.2018;;70.42;68.10;65.51
26.01.2018;;70.52;67.39;66.14
29.01.2018;;69.46;67.57;65.56
30.01.2018;;69.02;66.63;64.50
31.01.2018;;69.05;65.67;64.73
01.02.2018;;69.65;66.40;65.80
02.02.2018;;68.58;67.31;65.45
05.02.2018;;67.62;65.26;64.15
06.02.2018;;66.86;64.51;63.39
07.02.2018;;65.51;64.34;61.79
08.02.2018;;64.81;62.47;61.15
09.02.2018;;62.79;61.45;59.20
12.02.2018;;62.59;60.70;59.29
13.02.2018;;62.72;60.20;59.19
14.02.2018;;64.36;59.77;60.60
15.02.2018;;64.33;61.80;61.34
16.02.2018;;64.84;61.96;61.68
19.02.2018;;65.67;62.29;61.68
20.02.2018;;65.25;62.44;61.90
21.02.2018;;65.42;61.72;61.68
23.02.2018;;67.31;63.27;63.55
26.02.2018;;67.50;64.49;63.91
27.02.2018;;66.63;64.47;63.01
28.02.2018;;65.78;63.47;61.64
01.03.2018;;63.83;61.78;60.99
02.03.2018;;64.37;60.67;61.25
05.03.2018;;65.54;61.96;62.57
06.03.2018;;65.79;62.58;62.60
09.03.2018;;65.49;60.82;62.04
12.03.2018;;64.95;62.23;61.36
13.03.2018;;64.64;61.86;60.71
14.03.2018;;64.89;61.80;60.96
15.03.2018;;65.12;62.18;61.19
16.03.2018;;66.21;62.48;62.34
19.03.2018;;66.05;63.13;62.06
20.03.2018;;67.42;63.78;63.40
21.03.2018;;69.47;64.68;65.17
22.03.2018;;68.91;66.10;64.30
23.03.2018;;70.45;65.90;65.88
26.03.2018;;70.12;66.46;65.55
27.03.2018;;70.11;66.50;65.25
28.03.2018;;69.53;65.31;64.38
29.03.2018;;70.27;65.51;64.94
30.03.2018;;70.27;65.51;64.94
02.04.2018;;67.64;66.77;63.01
03.04.2018;;68.12;65.21;63.51
04.04.2018;;68.02;64.70;63.37
05.04.2018;;68.33;65.42;63.54
06.04.2018;;67.11;65.29;62.06
09.04.2018;;68.65;64.72;63.42
10.04.2018;;71.04;66.64;65.51
11.04.2018;;72.06;67.61;66.82
12.04.2018;;72.02;68.66;67.07
13.04.2018;;72.58;69.08;67.39
16.04.2018;;71.42;68.11;66.22
17.04.2018;;71.58;68.16;66.52
18.04.2018;;73.48;68.89;68.47
19.04.2018;;73.78;70.83;68.29
20.04.2018;;74.06;70.35;68.38
23.04.2018;;74.71;70.27;68.64
24.04.2018;;73.86;71.32;67.70
25.04.2018;;74.00;70.38;68.05
26.04.2018;;74.74;70.68;68.19
27.04.2018;;74.64;71.17;68.10
02.05.2018;;73.36;70.59;67.93
03.05.2018;;73.62;70.64;68.43
04.05.2018;;74.87;70.51;69.72
07.05.2018;;76.17;72.57;70.73
09.05.2018;;77.21;73.97;71.14
10.05.2018;;77.47;74.71;71.36
11.05.2018;;77.12;74.47;70.70
14.05.2018;;78.23;73.80;70.96
15.05.2018;;78.43;75.41;71.31
16.05.2018;;79.28;75.05;71.49
17.05.2018;;79.30;76.68;71.49
18.05.2018;;78.51;77.04;71.28
21.05.2018;;79.22;76.47;72.24
22.05.2018;;79.57;77.33;72.13
23.05.2018;;79.80;76.72;71.84
24.05.2018;;78.79;77.22;70.71
25.05.2018;;76.44;75.84;67.88
28.05.2018;;75.30;75.84;67.88
29.05.2018;;75.39;74.03;66.73
30.05.2018;;77.50;74.36;68.21
31.05.2018;;77.59;76.50;67.04
01.06.2018;;76.79;75.16;65.81
04.06.2018;;75.29;74.52;64.75
05.06.2018;;75.38;73.53;65.52
06.06.2018;;75.36;73.76;64.73
07.06.2018;;77.32;73.57;65.95
08.06.2018;;76.46;74.83;65.74
12.06.2018;;75.88;74.79;66.36
13.06.2018;;76.74;73.59;76.74
14.06.2018;;75.94;74.37;66.89
15.06.2018;;73.44;73.40;65.06
18.06.2018;;75.34;71.06;65.85
19.06.2018;;75.08;72.18;65.07
20.06.2018;;74.74;72.91;66.22
21.06.2018;;73.05;71.34;65.54
22.06.2018;;75.55;71.79;68.58
25.06.2018;;74.73;72.88;68.08
26.06.2018;;76.31;73.11;70.53
27.06.2018;;77.62;74.35;72.76
28.06.2018;;77.85;75.22;73.45
13.07.2018;;75.33;71.63;71.01
16.07.2018;;71.84;73.07;68.06
17.07.2018;;72.16;70.50;68.08
18.07.2018;;72.90;69.71;68.76
19.07.2018;;72.58;70.55;69.46
20.07.2018;;73.07;71.53;70.46
23.07.2018;;73.06;71.59;67.89
24.07.2018;;73.44;71.74;68.52
25.07.2018;;73.93;72.18;69.30
26.07.2018;;74.54;73.81;69.61
27.07.2018;;74.29;73.76;68.69
30.07.2018;;74.97;72.44;70.13
31.07.2018;;74.25;73.51;68.76
01.08.2018;;72.39;72.39;67.66
02.08.2018;;73.45;71.33;68.96
03.08.2018;;73.21;72.00;68.49
06.08.2018;;73.75;72.42;69.01
07.08.2018;;74.65;72.90;69.17
08.08.2018;;72.28;73.49;66.94
09.08.2018;;72.07;71.38;66.81
10.08.2018;;72.81;70.71;67.63
13.08.2018;;72.61;71.55;67.20
14.08.2018;;72.46;72.08;67.04
15.08.2018;;70.76;70.88;65.01
16.08.2018;;71.43;70.00;65.46
17.08.2018;;71.83;70.61;65.91
20.08.2018;;72.21;71.00;66.43
21.08.2018;;72.63;71.40;67.35
22.08.2018;;74.78;72.40;67.86
23.08.2018;;74.73;73.51;67.83
24.08.2018;;75.82;74.39;68.72
27.08.2018;;76.21;74.46;68.87
28.08.2018;;75.95;75.20;68.53
29.08.2018;;77.14;74.59;69.51
30.08.2018;;77.77;76.29;70.25
31.08.2018;;77.42;75.76;69.80
03.09.2018;;78.15;76.29;70.10
04.09.2018;;78.17;77.29;69.87
05.09.2018;;77.27;76.25;68.72
06.09.2018;;76.50;75.82;67.77
07.09.2018;;76.83;75.26;67.75
10.09.2018;;77.37;76.28;67.54
11.09.2018;;79.06;76.64;69.25
12.09.2018;;79.74;77.95;70.37
13.09.2018;;78.18;77.69;68.59
14.09.2018;;78.09;76.93;68.99
17.09.2018;;78.05;76.96;68.91
18.09.2018;;79.03;76.31;69.85
19.09.2018;;79.40;77.59;71.12
20.09.2018;;78.70;78.16;70.80
21.09.2018;;78.80;78.04;70.78
24.09.2018;;81.20;80.02;72.08
25.09.2018;;81.87;82.53;72.28
26.09.2018;;81.34;88.96;71.57
28.09.2018;;82.72;84.86;73.25
01.10.2018;;84.98;81.67;75.30
02.10.2018;;84.80;84.23;75.23
03.10.2018;;86.29;84.72;76.41
04.10.2018;;84.58;85.35;74.33
05.10.2018;;84.16;84.32;74.34
08.10.2018;;83.91;82.43;74.29
09.10.2018;;85.00;83.87;74.96
10.10.2018;;83.09;83.83;73.17
11.10.2018;;80.26;81.39;70.97
12.10.2018;;80.43;80.02;71.34
15.10.2018;;80.78;79.89;71.78
16.10.2018;;81.41;79.32;71.92
17.10.2018;;80.05;80.89;69.75
18.10.2018;;79.29;78.96;68.65
19.10.2018;;79.78;78.71;69.12
22.10.2018;;79.83;79.68;69.17
23.10.2018;;76.44;78.67;66.43
24.10.2018;;76.17;75.42;66.82
25.10.2018;;76.89;75.86;67.33
26.10.2018;;77.62;76.10;67.59
29.10.2018;;77.34;76.14;67.04
30.10.2018;;75.91;76.68;66.18
31.10.2018;;75.47;76.40;65.31
01.11.2018;;72.89;73.70;63.69
05.11.2018;;73.17;71.63;63.10
06.11.2018;;72.13;71.72;62.21
07.11.2018;;72.07;71.06;61.67
08.11.2018;;70.65;71.73;60.67
09.11.2018;;70.18;69.74;60.19
12.11.2018;;70.12;71.14;59.93
13.11.2018;;65.47;68.92;55.69
14.11.2018;;66.12;64.96;56.25
15.11.2018;;66.62;66.00;56.46
16.11.2018;;66.76;67.11;56.46
19.11.2018;;66.79;66.76;56.76
20.11.2018;;62.53;66.12;53.43
21.11.2018;;63.48;63.27;54.63
22.11.2018;;62.60;63.03;54.63
23.11.2018;;58.80;61.74;50.42
26.11.2018;;60.48;59.79;51.63
27.11.2018;;60.21;59.38;51.56
28.11.2018;;58.76;60.62;50.29
29.11.2018;;59.51;58.64;51.45
30.11.2018;;58.71;59.26;50.93
03.12.2018;;61.69;61.42;52.95
04.12.2018;;62.08;61.73;53.25
05.12.2018;;61.56;60.16;52.89
06.12.2018;;60.06;60.14;51.49
07.12.2018;;61.67;58.76;52.61
10.12.2018;;59.97;60.47;51.00
11.12.2018;;60.20;58.59;51.65
12.12.2018;;60.15;59.63;51.15
13.12.2018;;61.45;58.97;52.58
14.12.2018;;60.28;59.97;51.20
17.12.2018;;59.61;59.28;49.88
18.12.2018;;56.26;57.65;46.24
19.12.2018;57.45;57.24;55.69;47.20
20.12.2018;55.83;54.35;55.65;45.88
21.12.2018;53.80;53.82;54.63;45.59
24.12.2018;53.22;50.47;53.42;42.53
25.12.2018;49.34;50.47;53.42;42.53
26.12.2018;52.15;54.47;50.01;46.22
27.12.2018;53.45;52.16;53.55;44.61
28.12.2018;51.94;52.20;53.38;45.33
08.01.2019;51.94;58.72;56.53;49.78
09.01.2019;59.94;61.44;58.27;52.36
10.01.2019;61.12;61.68;59.98;52.59
11.01.2019;61.16;60.48;61.54;51.59
14.01.2019;60.26;58.99;59.40;50.51
15.01.2019;60.42;60.64;59.03;52.11
16.01.2019;60.42;61.32;60.53;52.31
17.01.2019;60.44;61.18;60.42;52.07
18.01.2019;62.86;62.70;61.50;53.80
21.01.2019;62.96;62.74;62.25;53.80
22.01.2019;60.89;61.50;61.70;52.57
23.01.2019;61.59;61.14;61.41;52.62
24.01.2019;61.00;61.09;60.58;53.13
25.01.2019;61.23;61.64;61.39;53.69
28.01.2019;60.10;59.93;60.52;51.99
29.01.2019;61.46;61.32;59.53;53.31
30.01.2019;62.16;61.65;61.14;54.23
31.01.2019;62.28;61.89;61.87;53.79
01.02.2019;61.86;62.75;61.19;55.26
04.02.2019;61.97;62.51;63.34;54.56
05.02.2019;62.68;61.98;62.73;53.66
06.02.2019;61.89;62.69;61.70;54.01
07.02.2019;62.31;61.63;62.68;52.64
08.02.2019;61.98;62.10;61.76;52.72
11.02.2019;61.26;61.51;62.17;52.41
12.02.2019;62.74;62.42;62.40;53.10
13.02.2019;63.41;63.61;63.50;53.90
14.02.2019;63.78;64.57;65.56;54.41
15.02.2019;65.54;66.25;65.39;55.59
18.02.2019;66.54;66.50;66.85;56.06
19.02.2019;66.29;66.45;66.61;56.09
20.02.2019;66.30;67.08;66.44;56.62
21.02.2019;66.93;67.07;67.17;56.96
22.02.2019;67.17;67.12;67.22;57.26
25.02.2019;65.71;64.76;66.85;55.48
26.02.2019;65.22;65.21;64.57;55.50
27.02.2019;66.41;66.39;65.39;56.94
28.02.2019;66.11;66.03;66.05;57.22
01.03.2019;65.46;65.07;66.65;55.80
04.03.2019;66.09;65.67;65.30;56.59
05.03.2019;65.62;65.86;65.67;56.56
06.03.2019;65.74;65.99;65.79;56.22
08.03.2019;66.07;65.74;65.79;56.07
11.03.2019;66.62;66.58;66.83;56.79
12.03.2019;67.00;66.67;67.19;56.87
13.03.2019;67.28;67.55;67.26;58.26
14.03.2019;67.24;67.23;68.31;58.61
15.03.2019;66.68;67.16;67.81;58.52
18.03.2019;67.49;67.54;67.44;59.09
19.03.2019;67.65;67.61;67.71;59.03
20.03.2019;68.42;68.50;67.61;59.83
21.03.2019;68.29;67.86;68.23;59.98
22.03.2019;66.70;67.03;67.42;59.04
25.03.2019;67.06;67.21;66.41;58.82
26.03.2019;67.97;67.97;67.13;59.94
27.03.2019;67.52;67.83;67.50;59.41
28.03.2019;67.26;67.82;66.51;59.30
29.03.2019;68.35;68.39;67.42;60.14
01.04.2019;68.61;69.01;68.24;61.59
02.04.2019;69.37;69.37;68.94;62.58
03.04.2019;69.14;69.31;69.60;62.46
04.04.2019;69.62;69.40;68.79;62.10
05.04.2019;69.94;70.34;68.95;63.08
08.04.2019;70.88;71.10;70.49;64.40
09.04.2019;70.70;70.61;70.75;63.98
10.04.2019;71.33;71.73;70.29;64.61
11.04.2019;71.00;70.83;70.77;63.58
12.04.2019;71.54;71.55;70.55;63.89
15.04.2019;71.10;71.18;70.68;63.40
16.04.2019;71.19;71.72;70.48;64.05
17.04.2019;71.88;71.62;71.53;63.76
18.04.2019;71.80;71.97;71.09;64.00
19.04.2019;72.00;71.97;71.09;64.00
22.04.2019;74.09;74.04;73.51;65.70
23.04.2019;74.50;74.51;73.91;66.30
24.04.2019;74.43;74.57;73.90;65.89
25.04.2019;74.95;74.35;74.73;65.21
26.04.2019;71.99;72.15;73.50;63.30
29.04.2019;72.08;72.04;71.20;63.50
03.05.2019;71.29;70.85;70.48;61.94
06.05.2019;70.84;71.24;69.84;62.25
07.05.2019;70.11;69.88;71.02;61.40
10.05.2019;70.72;70.62;70.77;61.66
13.05.2019;70.79;70.23;71.73;61.04
14.05.2019;71.27;71.24;70.38;61.78
15.05.2019;72.02;71.77;70.88;62.02
16.05.2019;72.99;72.62;72.43;62.87
17.05.2019;72.32;72.21;72.74;62.76
20.05.2019;72.39;71.97;72.34;63.10
21.05.2019;71.89;72.18;71.76;62.99
22.05.2019;70.87;70.99;72.43;61.42
23.05.2019;67.80;67.76;69.41;57.91
24.05.2019;68.02;68.69;67.38;58.63
27.05.2019;69.76;70.11;67.34;58.63
28.05.2019;69.89;70.11;68.48;59.14
29.05.2019;68.45;69.45;67.08;58.81
30.05.2019;67.55;66.87;66.92;56.59
14.06.2019;62.06;62.01;59.90;52.51
17.06.2019;61.67;60.94;60.70;51.93
18.06.2019;62.45;62.14;59.97;53.90
19.06.2019;62.15;61.82;61.29;53.76
20.06.2019;64.18;64.45;62.64;56.65
21.06.2019;65.15;65.20;64.24;57.43
24.06.2019;64.31;64.86;64.02;57.90
25.06.2019;65.32;65.05;63.38;57.83
26.06.2019;66.40;66.49;64.10;59.38
27.06.2019;66.20;66.55;64.32;59.43
28.06.2019;66.68;66.55;64.63;58.47
01.07.2019;64.85;65.06;65.16;59.09
02.07.2019;62.78;62.40;63.52;56.25
03.07.2019;62.99;63.82;61.01;57.34
04.07.2019;63.58;63.30;62.09;57.34
05.07.2019;64.09;64.23;62.18;57.51
08.07.2019;64.56;64.11;63.60;57.66
09.07.2019;64.29;64.16;63.17;57.83
10.07.2019;66.33;67.01;64.52;60.43
11.07.2019;67.01;66.52;66.77;60.20
12.07.2019;66.83;66.72;66.54;60.21
15.07.2019;66.65;66.48;65.64;59.58
16.07.2019;66.66;64.35;65.01;57.62
17.07.2019;64.18;63.66;62.53;56.78
18.07.2019;61.79;61.93;62.60;55.30
19.07.2019;62.06;62.47;62.24;55.63
22.07.2019;63.41;63.26;63.74;56.22
23.07.2019;63.10;63.83;62.90;56.77
24.07.2019;63.70;63.18;64.20;55.88
25.07.2019;63.65;63.39;64.12;56.02
26.07.2019;63.83;63.46;63.93;56.20
29.07.2019;63.31;63.71;63.38;56.87
30.07.2019;64.16;64.72;63.78;58.05
31.07.2019;65.16;65.17;65.28;58.58
01.08.2019;65.20;60.50;63.66;53.95
02.08.2019;62.13;61.89;61.38;55.66
05.08.2019;60.62;59.81;60.50;54.69
06.08.2019;59.62;58.94;59.63;53.63
07.08.2019;56.42;56.23;58.74;51.09
08.08.2019;57.53;57.38;57.59;52.54
09.08.2019;58.67;58.53;57.77;54.50
12.08.2019;58.43;58.57;58.20;54.93
13.08.2019;60.99;61.30;58.46;57.10
14.08.2019;58.72;59.48;60.41;55.23
15.08.2019;58.10;58.23;59.06;54.47
16.08.2019;58.68;58.64;59.10;54.87
19.08.2019;59.34;59.74;59.15;56.21
20.08.2019;59.47;60.03;59.93;56.34
21.08.2019;60.75;60.30;60.86;55.68
22.08.2019;59.89;59.92;61.17;55.35
23.08.2019;58.78;59.34;60.24;54.17
26.08.2019;59.16;58.70;59.39;53.64
27.08.2019;58.70;59.51;58.91;54.93
28.08.2019;60.50;60.49;59.38;55.78
29.08.2019;60.75;61.08;59.10;56.71
30.08.2019;60.32;60.43;60.22;55.10
02.09.2019;58.55;58.66;58.61;55.10
03.09.2019;57.75;58.26;57.29;53.94
04.09.2019;60.57;60.70;57.41;56.26
05.09.2019;62.25;60.95;59.22;56.30
06.09.2019;60.69;61.54;60.15;56.52
09.09.2019;62.75;62.59;61.16;57.85
10.09.2019;63.40;62.38;61.85;57.40
11.09.2019;61.00;60.81;61.82;55.75
12.09.2019;59.82;60.38;60.26;55.09
13.09.2019;60.20;60.22;59.25;54.85
16.09.2019;67.50;69.02;64.56;62.90
17.09.2019;65.82;64.55;68.44;59.34
18.09.2019;63.84;63.60;63.71;58.11
19.09.2019;64.52;64.40;63.61;58.13
20.09.2019;64.99;64.28;64.63;58.09
23.09.2019;64.26;64.77;64.02;58.64
24.09.2019;63.68;63.10;63.69;57.29
25.09.2019;62.11;62.39;61.97;56.49
26.09.2019;62.07;62.74;62.08;56.41
27.09.2019;61.87;61.91;62.65;55.91
30.09.2019;60.89;60.78;61.73;54.07
01.10.2019;59.30;58.89;59.76;53.62
02.10.2019;57.49;57.69;59.25;52.64
03.10.2019;57.22;57.71;57.95;52.45
04.10.2019;58.49;58.37;58.53;52.81
07.10.2019;59.24;58.35;58.98;52.75
08.10.2019;57.94;58.24;59.06;52.63
09.10.2019;59.18;58.32;58.78;52.59
10.10.2019;58.69;59.10;58.78;53.55
11.10.2019;60.20;60.51;61.41;54.70
14.10.2019;59.12;59.35;60.90;53.59
15.10.2019;59.38;58.74;60.37;52.81
16.10.2019;59.51;59.42;59.75;53.36
17.10.2019;58.86;59.91;60.30;53.93
18.10.2019;59.57;59.42;60.76;53.78
21.10.2019;58.65;58.96;60.17;53.31
22.10.2019;59.82;59.70;59.95;54.16
23.10.2019;60.27;61.17;60.74;55.97
24.10.2019;61.54;61.67;62.41;56.23
25.10.2019;61.72;62.02;62.39;56.66
28.10.2019;61.59;61.57;62.04;55.81
29.10.2019;61.59;61.59;61.11;55.54
30.10.2019;61.05;60.61;61.65;55.06
31.10.2019;60.23;60.23;60.88;54.18
04.11.2019;60.72;62.13;61.87;56.54
05.11.2019;63.00;62.96;62.48;57.23
06.11.2019;63.15;61.74;62.75;56.35
07.11.2019;62.32;62.29;62.12;57.15
08.11.2019;61.57;62.51;61.96;57.24
11.11.2019;62.63;62.18;62.43;56.86
12.11.2019;62.75;62.06;63.33;56.80
13.11.2019;62.44;62.37;62.85;57.12
14.11.2019;63.02;62.28;63.38;56.77
15.11.2019;62.65;63.30;63.02;57.72
18.11.2019;62.77;62.44;63.79;57.05
19.11.2019;61.54;60.91;62.82;55.21
20.11.2019;61.79;62.40;61.44;57.11
21.11.2019;63.51;63.97;63.12;58.58
22.11.2019;63.91;63.39;64.63;57.77
25.11.2019;63.36;63.65;63.68;58.01
26.11.2019;63.88;64.27;63.17;58.41
27.11.2019;64.04;64.06;63.69;58.11
28.11.2019;63.34;63.87;63.17;58.11
29.11.2019;62.61;62.43;63.43;55.17
02.12.2019;61.27;60.92;61.76;55.96
03.12.2019;60.72;60.82;62.11;56.10
04.12.2019;63.07;63.00;62.19;58.43
05.12.2019;63.65;63.39;63.80;58.43
06.12.2019;64.03;64.39;64.15;59.20
09.12.2019;64.19;64.25;64.79;59.02
10.12.2019;64.30;64.34;64.86;59.24
11.12.2019;63.13;63.72;64.65;58.76
12.12.2019;64.45;64.20;64.74;59.18
13.12.2019;64.77;65.22;65.68;60.07
16.12.2019;65.57;65.34;66.21;60.21
17.12.2019;65.90;66.10;66.26;60.94
18.12.2019;66.07;66.17;66.47;60.93
19.12.2019;66.46;66.54;66.78;61.22
20.12.2019;66.17;66.14;67.23;60.44
23.12.2019;66.01;66.39;66.29;60.52
24.12.2019;67.14;67.20;66.42;61.11
25.12.2019;67.66;67.20;66.42;61.11
26.12.2019;67.83;67.92;67.45;61.68
27.12.2019;67.84;68.16;67.63;61.72
08.01.2020;67.24;65.44;69.92;59.61
09.01.2020;64.84;65.37;66.67;59.56
10.01.2020;65.00;64.98;66.48;59.04
13.01.2020;64.22;64.20;66.02;58.08
14.01.2020;64.63;64.49;65.18;58.23
15.01.2020;63.74;64.00;65.23;57.81
16.01.2020;64.56;64.62;65.15;58.52
17.01.2020;64.69;64.85;65.35;58.54
20.01.2020;65.09;65.20;65.68;58.54
21.01.2020;64.93;64.59;64.85;58.34
22.01.2020;63.35;63.21;64.89;56.74
23.01.2020;61.37;62.04;64.22;55.59
24.01.2020;60.87;60.69;62.77;54.19
27.01.2020;59.41;59.32;60.10;53.14
28.01.2020;59.99;59.51;61.92;53.48
29.01.2020;59.68;59.81;61.91;53.33
30.01.2020;58.66;58.29;58.17;52.14
31.01.2020;58.02;58.16;59.66;51.56
03.02.2020;56.53;54.45;55.38;50.11
04.02.2020;54.60;53.96;54.04;49.61
05.02.2020;56.15;55.28;53.71;50.75
06.02.2020;54.96;54.93;55.27;50.95
07.02.2020;54.94;54.47;54.46;50.32
10.02.2020;53.71;53.27;53.45;49.57
11.02.2020;54.42;54.01;53.22;49.94
12.02.2020;55.77;55.79;54.56;51.17
13.02.2020;56.06;56.34;54.73;51.42
14.02.2020;57.17;57.32;55.81;52.05
17.02.2020;57.32;57.67;56.51;52.05
18.02.2020;57.37;57.75;55.79;52.05
19.02.2020;58.69;59.12;57.05;53.29
20.02.2020;59.75;59.31;57.67;53.78
24.02.2020;58.17;56.30;55.42;51.43
25.02.2020;55.69;54.95;55.29;49.90
26.02.2020;55.24;53.43;53.02;48.73
27.02.2020;51.09;52.18;50.47;47.09
28.02.2020;50.20;50.52;49.11;44.76
02.03.2020;50.64;50.52;50.95;46.75
03.03.2020;53.43;51.86;52.15;47.18
04.03.2020;52.50;51.13;50.78;46.78
05.03.2020;50.73;49.99;51.07;45.90
09.03.2020;46.72;34.36;33.33;31.13
10.03.2020;36.51;37.22;34.40;34.36
11.03.2020;36.09;35.79;35.39;32.98
12.03.2020;33.79;33.22;33.73;31.50
13.03.2020;33.17;33.85;34.79;31.73
16.03.2020;30.84;30.05;31.38;28.70
17.03.2020;29.89;28.73;31.51;26.95
18.03.2020;26.31;24.88;30.01;20.37
19.03.2020;26.97;28.47;28.09;25.22
20.03.2020;27.18;26.98;30.84;22.43
23.03.2020;25.62;27.03;26.18;23.36
24.03.2020;27.55;27.15;27.89;24.01
25.03.2020;27.12;27.39;29.44;24.49
26.03.2020;27.13;26.34;28.54;22.60
03.04.2020;32.80;34.11;28.14;28.34
06.04.2020;32.50;33.05;29.54;26.08
07.04.2020;33.05;31.87;27.73;23.63
08.04.2020;32.19;32.84;26.09;25.09
09.04.2020;33.39;31.48;26.66;22.76
10.04.2020;31.66;31.48;26.66;22.76
13.04.2020;32.23;31.74;25.05;22.41
14.04.2020;30.18;29.60;24.97;20.11
15.04.2020;27.53;27.69;23.73;19.87
16.04.2020;27.61;27.82;23.66;19.87
17.04.2020;28.46;28.08;24.27;18.27
20.04.2020;26.61;25.57;24.87;-37.63
21.04.2020;19.16;19.33;21.85;10.01
22.04.2020;20.36;20.37;20.11;13.78
23.04.2020;22.44;21.33;21.15;16.50
24.04.2020;21.58;21.44;20.00;16.94
27.04.2020;19.30;19.99;19.45;12.78
28.04.2020;20.26;20.46;16.82;12.34
29.04.2020;22.53;22.54;20.15;15.06
05.05.2020;30.40;30.97;30.05;24.56
06.05.2020;28.93;29.72;31.88;23.99
07.05.2020;31.10;29.46;30.43;23.55
11.05.2020;30.15;29.63;31.16;24.14
12.05.2020;29.95;29.98;31.49;25.78
13.05.2020;29.60;29.19;32.42;25.29
14.05.2020;30.18;31.13;33.92;27.56
15.05.2020;31.73;32.50;34.95;29.43
18.05.2020;35.41;34.81;35.46;31.82
19.05.2020;34.58;34.65;36.06;32.50
20.05.2020;35.66;35.75;36.11;33.49
21.05.2020;36.14;36.06;37.61;33.92
22.05.2020;34.64;35.13;35.66;33.25
25.05.2020;35.79;35.53;35.66;33.25
26.05.2020;35.40;36.17;37.70;34.35
27.05.2020;34.45;34.74;36.97;32.81
28.05.2020;34.72;35.29;35.49;33.71
29.05.2020;34.86;35.33;35.09;35.49
01.06.2020;37.71;38.32;39.62;35.44
02.06.2020;39.38;39.57;40.39;36.81
03.06.2020;39.10;39.79;40.85;37.29
04.06.2020;39.54;39.99;39.96;37.41
05.06.2020;42.10;42.30;41.49;39.55
08.06.2020;41.02;40.80;43.79;38.19
09.06.2020;40.88;41.18;41.36;38.94
10.06.2020;41.05;41.73;41.58;39.60
12.06.2020;39.01;38.73;39.11;36.26
15.06.2020;38.95;39.72;39.04;37.12
16.06.2020;39.99;40.96;41.06;38.38
17.06.2020;40.71;40.71;42.35;37.96
18.06.2020;41.45;41.51;42.14;38.84
19.06.2020;42.39;42.19;43.82;39.75
22.06.2020;42.69;43.08;43.00;40.46
24.06.2020;43.60;40.31;42.99;38.01
25.06.2020;40.49;41.05;41.29;38.72
26.06.2020;40.70;41.02;42.49;38.49
01.07.2020;41.74;42.03;43.51;39.82
02.07.2020;42.64;43.14;43.46;40.65
03.07.2020;42.71;42.80;43.30;40.65
06.07.2020;43.48;43.10;44.26;40.63
07.07.2020;43.36;43.08;43.45;40.62
08.07.2020;43.35;43.29;43.80;40.90
09.07.2020;42.38;42.35;44.05;39.62
10.07.2020;43.02;43.24;42.73;40.55
13.07.2020;43.26;42.72;43.75;40.10
14.07.2020;43.12;42.90;43.09;40.29
15.07.2020;43.38;43.79;44.32;41.20
16.07.2020;43.57;43.37;43.88;40.75
17.07.2020;43.10;43.14;43.27;40.59
20.07.2020;43.20;43.28;43.09;40.81
21.07.2020;44.62;44.32;44.38;41.96
22.07.2020;43.75;44.29;44.66;41.90
23.07.2020;44.18;43.31;44.98;41.07
24.07.2020;43.11;43.34;43.56;41.29
27.07.2020;42.61;43.41;43.26;41.60
28.07.2020;43.39;43.22;43.28;41.04
29.07.2020;43.81;43.75;43.35;41.27
30.07.2020;42.69;42.94;42.91;39.92
31.07.2020;43.18;43.30;42.83;40.27
03.08.2020;44.24;44.15;42.85;41.01
04.08.2020;44.44;44.43;43.14;41.70
05.08.2020;45.90;45.17;44.00;42.19
06.08.2020;45.25;45.09;43.97;41.95
07.08.2020;44.53;44.40;44.01;41.22
10.08.2020;45.07;44.99;43.96;41.94
11.08.2020;45.25;44.50;44.25;41.61
12.08.2020;45.26;45.43;43.96;42.67
13.08.2020;45.16;44.96;44.45;42.24
14.08.2020;44.83;44.80;43.74;42.01
17.08.2020;45.06;45.37;44.12;42.89
18.08.2020;45.37;45.46;44.85;42.89
19.08.2020;45.41;45.37;44.31;42.93
20.08.2020;44.70;44.90;44.49;42.58
21.08.2020;43.75;44.35;44.67;42.34
24.08.2020;45.03;45.13;44.42;42.62
25.08.2020;45.86;45.86;44.94;43.35
26.08.2020;45.83;45.64;45.35;43.39
27.08.2020;45.22;45.09;45.07;43.04
11.09.2020;40.05;39.83;39.34;37.33
14.09.2020;39.63;39.61;39.04;37.26
15.09.2020;40.27;40.53;39.28;38.28
16.09.2020;41.97;42.22;41.29;40.16
17.09.2020;43.31;43.30;41.73;40.97
18.09.2020;43.27;43.15;42.99;41.11
21.09.2020;41.19;41.44;41.80;39.31
22.09.2020;41.75;41.72;41.27;39.60
23.09.2020;42.00;41.77;41.36;39.93
24.09.2020;41.62;41.94;41.19;40.31
25.09.2020;41.62;41.92;42.25;40.25
28.09.2020;42.27;42.43;41.39;40.60
29.09.2020;40.71;41.03;41.78;39.29
30.09.2020;40.82;40.95;40.42;40.22
01.10.2020;40.14;40.93;41.36;38.72
02.10.2020;39.80;39.27;39.05;37.05
05.10.2020;41.66;41.29;39.67;39.22
06.10.2020;42.56;42.65;40.87;40.67
07.10.2020;41.72;41.99;41.62;39.95
08.10.2020;42.88;43.34;41.91;41.19
09.10.2020;43.28;42.85;42.56;40.60
12.10.2020;41.62;41.72;41.69;39.43
13.10.2020;42.43;42.45;41.54;40.20
14.10.2020;43.22;43.32;41.97;41.04
15.10.2020;42.66;43.16;42.28;40.96
16.10.2020;43.01;42.93;42.25;40.88
19.10.2020;42.97;42.62;42.22;40.83
20.10.2020;42.60;43.16;42.00;41.46
21.10.2020;41.98;41.73;42.15;40.03
22.10.2020;42.67;42.46;41.92;40.64
23.10.2020;41.98;41.77;42.33;39.85
26.10.2020;40.55;40.46;40.43;38.56
27.10.2020;41.02;41.20;40.62;39.57
28.10.2020;39.25;39.12;39.77;37.39
29.10.2020;37.58;37.65;38.55;36.17
30.10.2020;37.33;37.46;37.65;35.79
02.11.2020;37.97;38.97;36.67;36.81
04.11.2020;40.03;41.23;40.13;39.15
05.11.2020;41.25;40.93;41.21;38.79
06.11.2020;40.00;39.45;40.94;37.14
09.11.2020;42.81;42.40;40.67;40.29
10.11.2020;42.88;43.61;42.89;41.36
11.11.2020;44.61;43.80;44.87;41.45
12.11.2020;44.39;43.53;44.28;41.12
13.11.2020;42.89;42.78;43.49;40.13
16.11.2020;44.46;43.82;44.09;41.34
17.11.2020;43.54;43.75;44.17;41.43
18.11.2020;44.20;44.34;44.13;41.82
19.11.2020;44.16;44.20;44.37;41.74
20.11.2020;44.58;44.96;44.51;42.15
23.11.2020;45.73;46.06;45.80;43.06
24.11.2020;47.61;47.86;46.08;44.91
25.11.2020;48.29;48.61;48.23;45.71
26.11.2020;47.95;47.80;47.89;45.71
27.11.2020;47.96;48.18;48.30;45.53
30.11.2020;47.60;47.59;47.85;45.34
01.12.2020;47.26;47.42;47.86;44.55
02.12.2020;47.95;48.25;47.33;45.28
03.12.2020;48.40;48.71;48.33;45.64
04.12.2020;49.23;49.25;49.41;46.26
07.12.2020;48.85;48.79;48.62;45.76
08.12.2020;48.77;48.84;48.57;45.60
09.12.2020;48.65;48.86;49.38;45.52
10.12.2020;50.92;50.25;49.16;46.78
11.12.2020;50.20;49.97;50.57;46.57
14.12.2020;49.88;50.29;50.70;46.99
15.12.2020;50.66;50.76;50.30;47.62
16.12.2020;50.69;51.08;50.96;47.82
17.12.2020;51.31;51.50;51.61;48.36
18.12.2020;52.15;52.26;51.23;49.10
21.12.2020;50.32;50.91;50.40;47.74
22.12.2020;50.29;50.08;49.90;47.02
23.12.2020;50.97;51.20;49.77;48.12
24.12.2020;50.85;51.29;51.41;48.23
25.12.2020;51.23;51.29;51.41;48.23
28.12.2020;51.35;50.86;51.22;47.62
29.12.2020;51.47;51.09;51.10;48.00
08.01.2021;55.47;55.99;54.58;52.24
11.01.2021;55.57;55.66;55.24;52.25
12.01.2021;56.45;56.58;55.72;53.21
13.01.2021;56.42;56.06;56.42;52.91
14.01.2021;55.50;56.42;55.69;53.57
15.01.2021;54.98;55.10;55.38;52.36
18.01.2021;54.96;54.75;54.20;52.36
19.01.2021;55.95;55.90;55.06;52.98
20.01.2021;56.33;56.08;56.23;53.24
21.01.2021;55.91;56.10;55.56;53.13
22.01.2021;55.53;55.41;55.14;52.27
25.01.2021;55.65;55.88;55.40;52.77
26.01.2021;55.93;55.91;55.30;52.61
27.01.2021;56.28;55.81;55.77;52.85
28.01.2021;55.71;55.53;54.41;52.34
29.01.2021;56.07;55.88;54.63;52.20
01.02.2021;55.69;56.35;55.10;53.55
02.02.2021;55.89;57.46;56.89;54.76
03.02.2021;58.69;58.46;57.72;55.69
04.02.2021;58.41;58.84;58.43;56.23
05.02.2021;59.58;59.34;58.96;56.85
08.02.2021;60.36;60.56;59.74;57.97
09.02.2021;60.52;61.09;60.50;58.36
10.02.2021;61.36;61.47;60.45;58.68
11.02.2021;61.40;61.14;60.39;58.24
12.02.2021;61.60;62.43;59.86;59.47
15.02.2021;63.40;63.30;62.54;59.47
16.02.2021;63.07;63.35;62.44;60.05
17.02.2021;63.69;64.34;63.03;61.14
18.02.2021;64.18;63.93;63.58;60.52
19.02.2021;63.57;62.91;60.69;59.24
23.02.2021;64.53;65.37;63.07;61.67
24.02.2021;67.15;67.04;63.33;63.22
25.02.2021;66.95;66.88;64.88;63.53
26.02.2021;66.11;66.13;64.09;61.50
01.03.2021;64.74;63.69;64.23;60.64
02.03.2021;63.64;62.70;61.45;59.75
03.03.2021;63.94;64.07;61.36;61.28
04.03.2021;66.15;66.74;63.04;63.83
08.03.2021;68.77;68.24;68.35;65.05
09.03.2021;68.13;67.52;66.42;64.01
10.03.2021;67.90;67.90;65.28;64.44
11.03.2021;69.19;69.63;66.85;66.02
12.03.2021;69.29;69.22;67.91;65.61
15.03.2021;68.17;68.88;68.24;65.39
16.03.2021;68.08;68.39;66.62;64.80
17.03.2021;67.64;68.00;66.63;64.60
18.03.2021;65.38;63.28;65.24;60.00
19.03.2021;63.81;64.53;62.45;61.42
22.03.2021;64.68;64.62;63.28;61.55
23.03.2021;62.01;60.79;63.02;57.76
24.03.2021;63.57;64.41;61.10;61.18
25.03.2021;61.52;61.95;62.21;58.56
26.03.2021;64.51;64.57;62.24;60.97
29.03.2021;64.56;64.98;62.90;61.56
30.03.2021;64.29;64.14;63.48;60.55
31.03.2021;63.89;63.54;63.18;59.16
01.04.2021;63.18;64.86;62.44;61.45
02.04.2021;64.62;64.86;62.44;61.45
05.04.2021;62.74;62.15;62.07;58.65
06.04.2021;63.36;62.74;61.41;59.33
07.04.2021;62.00;63.16;60.92;59.77
08.04.2021;63.27;63.20;61.31;59.60
09.04.2021;63.14;62.95;61.07;59.32
12.04.2021;63.42;63.28;61.26;59.70
13.04.2021;63.92;63.67;61.75;60.18
14.04.2021;66.29;66.58;62.70;63.15
15.04.2021;66.63;66.94;64.32;63.46
16.04.2021;66.85;66.77;65.26;63.13
19.04.2021;66.82;67.05;64.97;63.38
20.04.2021;66.38;66.57;65.92;62.44
21.04.2021;65.90;65.32;63.85;61.35
22.04.2021;65.56;65.40;62.65;61.43
23.04.2021;65.71;66.11;63.22;62.14
26.04.2021;65.69;65.65;62.66;61.91
27.04.2021;65.93;66.42;63.37;62.94
28.04.2021;67.65;67.27;63.71;63.86
29.04.2021;68.18;68.56;64.96;65.01
18.05.2021;69.27;68.71;68.43;65.49
19.05.2021;66.37;66.66;66.21;63.36
20.05.2021;66.27;65.11;65.12;62.05
21.05.2021;66.83;66.44;63.25;63.58
24.05.2021;68.18;68.46;66.43;66.05
25.05.2021;68.64;68.85;66.54;66.07
26.05.2021;68.90;68.87;66.85;66.21
27.05.2021;69.08;69.46;66.45;66.85
28.05.2021;69.80;69.63;67.72;66.32
31.05.2021;69.64;69.32;68.03;66.32
01.06.2021;70.32;70.25;69.15;67.72
02.06.2021;71.03;71.35;69.46;68.83
03.06.2021;70.99;71.31;70.14;68.81
04.06.2021;71.57;71.89;70.38;69.92
07.06.2021;71.49;71.49;70.35;69.23
08.06.2021;71.85;72.22;69.60;70.05
09.06.2021;72.11;72.22;71.38;69.96
10.06.2021;72.63;72.52;70.94;70.29
14.06.2021;73.19;72.86;72.14;70.88
15.06.2021;73.68;73.99;71.92;72.12
16.06.2021;74.80;74.39;72.76;72.15
17.06.2021;73.07;73.08;72.39;71.04
18.06.2021;73.65;73.51;70.96;71.64
21.06.2021;74.54;74.90;71.91;73.66
22.06.2021;74.70;74.81;72.86;73.06
23.06.2021;75.61;75.19;73.59;73.08
24.06.2021;75.45;75.56;73.58;73.30
25.06.2021;76.01;76.18;73.41;74.05
28.06.2021;75.07;74.68;73.72;72.91
29.06.2021;75.01;74.76;72.00;72.98
16.07.2021;73.80;73.59;72.29;71.81
19.07.2021;69.28;68.62;70.45;66.42
20.07.2021;69.38;69.35;67.44;67.42
21.07.2021;72.10;72.23;68.75;70.30
22.07.2021;72.80;73.79;71.56;71.91
23.07.2021;73.82;74.10;72.71;72.07
26.07.2021;74.11;74.50;71.99;71.91
27.07.2021;74.30;74.48;73.01;71.65
28.07.2021;74.79;74.74;72.71;72.39
29.07.2021;75.67;76.05;73.43;73.62
30.07.2021;76.34;76.33;74.03;73.95
02.08.2021;72.83;72.89;73.22;71.26
03.08.2021;76.30;72.41;71.80;70.56
04.08.2021;76.30;70.38;71.42;68.15
05.08.2021;71.36;71.29;69.08;69.09
06.08.2021;70.59;70.70;70.80;68.28
09.08.2021;68.99;69.04;67.33;66.48
10.08.2021;70.89;70.63;68.87;68.29
11.08.2021;69.82;71.44;69.84;69.25
12.08.2021;71.36;71.31;70.58;69.09
13.08.2021;70.90;70.59;70.09;68.44
16.08.2021;69.82;69.51;68.94;67.29
17.08.2021;69.60;69.03;68.53;66.59
18.08.2021;68.64;68.23;68.70;65.46
19.08.2021;65.99;66.45;65.50;63.69
20.08.2021;65.88;65.18;65.70;62.32
23.08.2021;68.57;68.75;66.10;65.64
24.08.2021;70.60;71.05;68.80;67.54
25.08.2021;71.53;72.25;69.58;68.36
26.08.2021;71.40;71.07;69.95;67.42
27.08.2021;72.52;72.70;70.35;68.74
30.08.2021;73.01;73.41;71.21;69.21
17.09.2021;74.82;75.34;73.43;71.97
20.09.2021;74.50;73.92;72.54;70.29
21.09.2021;74.20;74.36;72.99;70.56
22.09.2021;75.73;76.19;73.47;72.23
23.09.2021;77.17;77.25;74.22;73.30
24.09.2021;77.78;78.09;74.89;73.98
27.09.2021;79.50;79.53;76.16;75.45
28.09.2021;78.69;79.09;77.37;75.29
29.09.2021;78.90;78.64;75.75;74.83
30.09.2021;78.58;78.52;76.43;75.03
01.10.2021;78.63;79.28;75.50;75.88
04.10.2021;81.60;81.26;77.13;77.62
05.10.2021;82.73;82.56;79.48;78.93
06.10.2021;81.08;81.08;80.46;77.43
07.10.2021;81.94;81.95;77.22;78.30
08.10.2021;83.09;82.39;81.14;79.35
11.10.2021;83.91;83.65;81.97;80.52
12.10.2021;83.39;83.42;82.09;80.64
13.10.2021;83.29;83.18;81.45;80.44
14.10.2021;83.44;84.00;82.30;81.31
15.10.2021;84.84;84.86;83.10;82.28
18.10.2021;84.70;84.33;83.95;82.44
19.10.2021;84.96;85.08;83.06;82.96
20.10.2021;85.18;85.82;82.63;83.87
21.10.2021;83.63;84.61;83.21;82.50
22.10.2021;84.83;85.53;82.75;83.76
25.10.2021;86.36;85.99;84.26;83.76
26.10.2021;86.36;86.40;84.03;84.65
27.10.2021;84.86;84.58;83.36;82.66
28.10.2021;83.79;84.32;81.85;82.81
29.10.2021;84.34;84.38;82.34;83.57
01.11.2021;84.65;84.71;82.18;84.05
02.11.2021;84.42;84.72;83.58;83.91
05.11.2021;82.72;82.74;79.75;81.27
08.11.2021;83.31;83.43;82.30;81.93
09.11.2021;83.84;84.78;82.41;84.15
10.11.2021;84.51;82.64;84.04;81.34
11.11.2021;82.92;82.87;82.21;81.59
12.11.2021;82.29;82.17;81.79;80.79
15.11.2021;81.39;82.05;80.99;80.88
16.11.2021;81.62;82.43;82.16;80.76
17.11.2021;81.75;80.28;81.26;78.36
18.11.2021;80.23;81.24;78.90;79.01
19.11.2021;79.23;78.89;81.07;76.10
22.11.2021;79.84;79.70;78.66;76.75
23.11.2021;81.42;82.31;78.86;78.50
24.11.2021;82.38;82.25;81.93;78.39
25.11.2021;82.11;82.22;81.30;78.39
26.11.2021;74.69;72.72;76.44;68.15
29.11.2021;74.65;73.44;72.77;69.95
30.11.2021;71.17;70.57;70.62;66.18
01.12.2021;71.35;68.87;71.07;65.57
02.12.2021;69.00;69.67;69.17;66.50
03.12.2021;71.77;69.88;70.82;66.26
06.12.2021;71.49;73.08;70.14;69.49
07.12.2021;75.67;75.44;73.20;72.05
08.12.2021;75.57;75.82;73.89;72.36
09.12.2021;75.26;74.42;74.51;70.94
10.12.2021;75.17;75.15;72.72;71.67
13.12.2021;75.11;74.39;74.13;71.29
14.12.2021;73.47;73.70;73.32;70.73
15.12.2021;73.22;73.88;71.97;70.87
16.12.2021;74.64;75.02;73.34;72.38
17.12.2021;73.32;73.52;73.24;70.86
20.12.2021;69.88;71.52;70.15;68.23
21.12.2021;73.14;73.98;70.54;71.12
22.12.2021;74.41;75.29;72.54;72.76
23.12.2021;75.63;76.85;73.54;73.79
24.12.2021;75.85;76.14;73.54;73.79
27.12.2021;78.15;78.60;73.60;75.57
28.12.2021;79.21;78.94;76.45;75.98
29.12.2021;79.91;79.23;76.88;76.56
07.01.2022;82.08;81.75;80.71;78.90
10.01.2022;81.37;80.87;80.38;78.23
11.01.2022;82.20;83.72;79.97;81.22
12.01.2022;84.68;84.67;82.27;82.64
13.01.2022;84.34;84.47;82.94;82.12
14.01.2022;85.35;86.06;83.78;83.82
17.01.2022;86.25;86.48;84.94;83.82
18.01.2022;87.55;87.51;86.70;85.43
19.01.2022;88.70;88.44;86.47;86.96
20.01.2022;88.82;88.38;86.38;86.90
21.01.2022;87.79;87.89;85.23;85.14
24.01.2022;86.44;86.27;86.94;83.31
25.01.2022;87.37;88.20;85.28;85.60
26.01.2022;89.90;89.96;87.30;87.35
27.01.2022;89.61;89.34;89.08;86.61
28.01.2022;90.74;90.03;87.42;86.82
31.01.2022;90.93;91.21;88.48;88.15
01.02.2022;89.40;89.16;87.66;88.20
02.02.2022;89.05;89.47;87.71;88.26
03.02.2022;89.33;91.11;88.00;90.27
04.02.2022;93.14;93.27;90.65;92.31
07.02.2022;92.81;92.69;91.38;91.32
08.02.2022;90.63;90.78;90.86;89.36
09.02.2022;91.80;91.55;90.01;89.66
10.02.2022;92.85;91.41;90.95;89.88
11.02.2022;92.94;94.44;90.47;93.10
14.02.2022;94.30;96.48;92.93;95.46
15.02.2022;92.47;93.28;93.39;92.07
16.02.2022;95.51;94.81;93.05;93.66
17.02.2022;92.62;92.97;92.53;91.76
18.02.2022;92.73;93.54;90.89;91.07
21.02.2022;95.06;95.39;92.24;91.07
23.02.2022;98.31;96.84;93.63;92.10
24.02.2022;103.55;99.08;97.69;92.81
25.02.2022;96.79;97.93;92.68;91.59
28.02.2022;98.00;100.99;95.87;95.72
01.03.2022;98.00;104.97;100.85;103.41
02.03.2022;108.00;112.93;110.81;110.60
03.03.2022;104.86;110.46;116.73;107.67
04.03.2022;110.88;118.11;108.87;115.68
08.03.2022;110.88;127.98;122.93;123.70
09.03.2022;120.81;111.14;127.71;108.70
10.03.2022;110.45;109.33;115.37;106.02
11.03.2022;106.79;112.67;110.56;109.33
14.03.2022;104.22;106.90;109.91;103.01
15.03.2022;97.37;99.91;100.00;96.44
16.03.2022;97.20;98.02;102.54;95.04
17.03.2022;101.62;106.64;100.94;102.98
18.03.2022;103.30;107.93;106.65;104.70
21.03.2022;108.16;115.62;110.36;112.12
22.03.2022;113.97;115.48;111.23;111.76
23.03.2022;122.00;121.60;112.29;114.93
24.03.2022;120.35;119.03;115.70;112.34
25.03.2022;120.50;120.65;112.29;113.90
28.03.2022;114.24;112.48;110.70;105.96
29.03.2022;107.50;110.23;108.24;104.24
30.03.2022;113.84;113.45;106.88;107.82
31.03.2022;107.65;107.91;105.34;100.28
01.04.2022;103.94;104.39;101.18;99.27
04.04.2022;107.29;107.53;102.03;103.28
05.04.2022;106.14;106.64;105.24;101.96
06.04.2022;102.95;101.07;103.70;96.23
07.04.2022;98.80;100.58;97.15;96.03
08.04.2022;98.08;102.78;97.82;98.26
11.04.2022;97.12;98.48;97.42;94.29
12.04.2022;103.00;104.64;97.77;100.60
13.04.2022;104.29;108.78;102.35;104.25
14.04.2022;104.57;111.70;105.36;106.95
15.04.2022;109.19;111.70;105.36;106.95
18.04.2022;109.08;113.16;108.08;108.21
19.04.2022;105.90;107.25;108.57;102.56
20.04.2022;104.92;106.80;105.54;102.75
21.04.2022;106.95;108.33;106.12;103.79
22.04.2022;105.64;106.65;104.97;102.07
25.04.2022;99.53;102.32;99.52;98.54
26.04.2022;103.70;104.99;99.23;101.70
27.04.2022;103.46;105.32;102.55;102.02
28.04.2022;105.77;107.59;100.36;105.36
03.05.2022;107.94;104.97;101.68;102.41
04.05.2022;107.35;110.14;104.50;107.81
05.05.2022;111.80;110.90;106.63;108.26
10.05.2022;112.00;102.46;103.13;99.76
11.05.2022;106.67;107.51;102.93;105.71
12.05.2022;108.18;107.45;102.94;106.13
13.05.2022;110.11;111.55;105.15;110.49
16.05.2022;112.00;114.24;106.52;114.20
17.05.2022;113.80;111.93;111.03;112.40
18.05.2022;109.60;109.11;110.16;109.59
19.05.2022;110.05;112.04;105.78;112.21
20.05.2022;111.25;112.55;108.51;113.23
23.05.2022;112.58;113.42;109.96;110.29
24.05.2022;111.92;113.56;107.97;109.77
25.05.2022;112.02;114.03;109.25;110.33
26.05.2022;115.44;117.40;109.11;114.09
27.05.2022;116.80;119.43;112.27;115.07
30.05.2022;120.20;121.67;112.27;115.07
31.05.2022;123.43;122.84;113.76;114.67
01.06.2022;117.32;116.29;113.76;115.26
02.06.2022;117.85;117.61;109.00;116.87
03.06.2022;119.71;119.72;112.10;118.87
06.06.2022;119.67;119.51;115.60;118.50
07.06.2022;121.30;120.57;115.59;119.41
08.06.2022;123.08;123.58;116.46;122.11
09.06.2022;123.55;123.07;118.85;121.51
13.06.2022;121.05;122.27;115.73;120.93
14.06.2022;125.20;121.17;118.74;118.93
15.06.2022;121.83;118.51;116.35;115.31
16.06.2022;119.16;119.81;115.04;117.59
17.06.2022;116.50;113.12;116.33;109.56
20.06.2022;115.50;114.13;108.51;109.56
21.06.2022;115.52;114.65;111.79;110.65
22.06.2022;112.76;111.74;106.62;106.19
23.06.2022;112.02;110.05;106.47;104.27
24.06.2022;113.82;113.12;106.51;107.62
27.06.2022;115.28;115.09;110.26;109.57
28.06.2022;117.03;117.98;113.05;111.76
29.06.2022;118.00;116.26;110.92;109.78
30.06.2022;114.93;114.81;108.79;105.76
01.07.2022;111.93;111.63;106.40;108.43
04.07.2022;114.40;113.50;108.44;108.43
05.07.2022;105.77;102.77;111.01;99.50
06.07.2022;101.40;100.69;101.82;98.53
07.07.2022;106.44;104.65;98.40;102.73
08.07.2022;107.62;107.02;102.12;104.79
11.07.2022;107.17;107.10;102.04;104.09
12.07.2022;101.07;99.49;102.33;95.84
13.07.2022;100.55;99.57;98.95;96.30
14.07.2022;98.95;99.10;97.77;95.78
15.07.2022;102.83;101.16;98.44;97.59
18.07.2022;105.97;106.27;102.68;102.60
19.07.2022;106.00;107.35;104.91;104.22
20.07.2022;106.80;106.92;104.63;102.26
21.07.2022;104.42;103.86;102.16;96.35
22.07.2022;105.00;103.20;102.86;94.70
25.07.2022;104.68;105.15;101.54;96.70
26.07.2022;104.72;104.40;105.17;94.98
27.07.2022;106.77;106.62;103.71;97.26
28.07.2022;107.65;107.14;107.10;96.42
16.08.2022;94.54;92.34;92.30;86.53
17.08.2022;93.37;93.65;91.44;88.11
18.08.2022;96.52;96.59;93.59;90.50
19.08.2022;98.23;96.72;95.02;90.77
22.08.2022;96.34;96.48;94.64;90.23
23.08.2022;99.65;100.22;97.14;93.74
24.08.2022;99.92;101.22;99.77;94.89
25.08.2022;101.66;99.34;99.83;92.52
26.08.2022;99.85;100.99;99.52;93.06
29.08.2022;104.20;105.09;100.46;97.01
30.08.2022;100.46;99.31;103.12;91.64
31.08.2022;96.77;96.49;96.23;89.55
01.09.2022;96.31;92.36;93.74;86.61
02.09.2022;97.56;93.02;94.67;86.87
05.09.2022;97.34;95.74;95.43;86.87
06.09.2022;95.35;92.83;95.09;86.88
07.09.2022;92.40;88.00;92.19;81.94
08.09.2022;92.11;89.15;88.13;83.54
09.09.2022;93.46;92.84;90.34;86.79
12.09.2022;95.24;94.00;92.35;87.78
13.09.2022;93.61;93.17;94.37;87.31
14.09.2022;95.20;94.10;92.74;88.48
15.09.2022;92.28;90.84;93.55;85.10
16.09.2022;93.01;91.35;91.00;85.11
19.09.2022;91.72;92.00;90.37;85.73
20.09.2022;91.03;90.62;92.60;84.45
21.09.2022;91.03;89.83;92.84;82.94
22.09.2022;91.21;90.46;91.25;83.49
23.09.2022;87.35;86.15;89.28;78.74
26.09.2022;86.28;84.06;84.46;76.71
27.09.2022;86.80;86.27;84.24;78.50
28.09.2022;88.83;89.32;83.71;82.15
29.09.2022;89.52;88.49;88.13;81.23
30.09.2022;88.79;87.96;87.05;79.49
03.10.2022;90.36;88.86;88.21;83.63
04.10.2022;93.17;91.80;88.82;86.52
05.10.2022;94.74;93.37;91.14;87.76
06.10.2022;94.65;94.42;93.35;88.45
07.10.2022;97.62;97.92;94.24;92.64
10.10.2022;97.35;96.19;96.72;91.13
11.10.2022;95.21;94.29;93.78;89.35
12.10.2022;93.36;92.45;93.03;87.27
13.10.2022;95.17;94.57;91.14;89.11
14.10.2022;93.42;91.63;92.06;85.61
17.10.2022;93.19;91.62;89.60;85.46
18.10.2022;90.97;90.03;88.90;82.82
19.10.2022;91.70;92.41;85.74;85.55
20.10.2022;93.64;92.38;89.76;85.98
21.10.2022;93.76;93.50;88.76;85.05
24.10.2022;93.54;93.26;88.62;84.58
25.10.2022;93.98;93.52;89.98;85.32
26.10.2022;96.08;95.69;90.34;87.91
27.10.2022;96.92;96.96;90.59;89.08
28.10.2022;95.71;95.77;92.25;87.90
31.10.2022;;;;
01.11.2022;;;;
02.11.2022;;;;
03.11.2022;;;;
04.11.2022;;;;
05.11.2022;;;;
06.11.2022;;;;
07.11.2022;;;;
07.11.2022;;;;
08.11.2022;;;;
14.11.2022;;;;
15.11.2022;;;;
16.11.2022;93.55;92.86;88.03;85.59
17.11.2022;92.35;89.78;87.20;81.64
18.11.2022;89.26;87.62;84.17;80.08
21.11.2022;85.22;87.45;81.46;79.73
22.11.2022;89.67;88.36;82.32;80.95
23.11.2022;86.56;85.41;81.81;77.94
24.11.2022;86.18;85.34;77.50;77.94
25.11.2022;86.90;83.63;80.62;76.28
28.11.2022;83.37;83.19;76.73;77.24
29.11.2022;85.07;83.03;80.56;78.20
30.11.2022;85.48;85.43;79.15;80.55
01.12.2022;89.90;86.88;81.36;81.22
02.12.2022;89.10;85.57;81.12;79.98
05.12.2022;89.08;82.68;80.87;76.93
06.12.2022;85.65;79.35;78.00;74.25
07.12.2022;83.13;77.17;75.00;72.01
08.12.2022;81.58;76.15;73.14;71.46
09.12.2022;80.21;76.10;71.99;71.02
12.12.2022;80.860;77.990;73.890;73.170
13.12.2022;82.090;80.680;76.910;75.390
14.12.2022;82.770;82.700;78.760;77.280
15.12.2022;83.330;81.210;77.380;76.110
16.12.2022;80.640;79.040;76.810;74.290
19.12.2022;80.880;79.800;77.030;75.190
20.12.2022;81.330;79.990;77.040;76.090
21.12.2022;83.120;82.200;79.630;78.290
22.12.2022;83.070;80.980;78.240;77.490
23.12.2022;84.480;83.920;79.240;79.560
27.12.2022;85.550;84.680;80.930;79.530
28.12.2022;82.900;83.360;81.000;78.960
29.12.2022;82.210;82.260;78.190;78.400
30.12.2022;82.320;85.910;80.970;80.260
03.01.2023;87.980;82.100;78.950;76.930
04.01.2023;83.790;77.840;74.560;72.840
05.01.2023;82.930;78.690;75.360;73.670
06.01.2023;83.880;78.570;75.290;73.770
09.01.2023;84.320;79.650;76.500;74.630
10.01.2023;82.680;80.100;77.110;75.120
11.01.2023;83.940;82.670;79.670;77.410
12.01.2023;86.250;84.030;81.110;78.390
13.01.2023;87.230;85.280;81.090;79.860
16.01.2023;87.230;84.460;81.090;79.040
17.01.2023;87.970;85.920;84.040;80.180
18.01.2023;89.310;84.980;82.430;79.480
19.01.2023;87.220;86.160;83.630;80.330
20.01.2023;87.580;87.630;84.250;81.310
23.01.2023;89.160;88.190;85.690;81.620
24.01.2023;88.200;86.130;83.400;80.130
25.01.2023;87.490;86.120;83.590;80.150
26.01.2023;87.900;87.470;84.720;81.010
27.01.2023;87.910;86.660;84.480;79.680
30.01.2023;85.990;84.900;84.480;77.900
31.01.2023;85.060;84.490;84.480;78.870
01.02.2023;87.600;82.840;80.720;76.410
02.02.2023;85.570;82.170;80.390;75.880
03.02.2023;85.780;79.940;78.180;73.390
06.02.2023;82.380;80.990;78.890;74.110
07.02.2023;83.930;83.690;81.720;77.140
08.02.2023;85.080;85.090;83.160;78.470
09.02.2023;85.730;84.500;82.760;78.060
10.02.2023;87.340;86.390;83.640;79.720
13.02.2023;87.350;86.610;85.510;80.140
14.02.2023;86.450;85.580;84.650;79.060
15.02.2023;85.740;85.380;84.150;78.590
16.02.2023;86.410;85.140;83.410;78.490
17.02.2023;83.580;83.150;82.000;76.340
20.02.2023;84.110;84.070;82.000;76.340
21.02.2023;83.480;83.050;81.300;76.160
22.02.2023;82.200;80.600;79.090;73.950
23.02.2023;82.200;82.210;81.800;75.390
24.02.2023;82.370;83.160;82.630;76.320
27.02.2023;82.680;82.450;80.700;75.680
28.02.2023;83.770;83.890;81.590;77.050
01.03.2023;83.890;84.310;82.770;77.690
02.03.2023;85.870;84.350;83.500;78.160
03.03.2023;85.700;85.830;83.320;79.680
06.03.2023;86.780;86.160;84.800;80.460
07.03.2023;86.380;83.290;81.790;77.580
08.03.2023;86.380;82.660;81.520;76.660
09.03.2023;85.390;81.590;80.530;75.720
10.03.2023;83.260;82.780;80.290;76.680
13.03.2023;82.890;80.770;80.390;74.800
14.03.2023;81.330;77.450;76.960;71.330
15.03.2023;74.930;73.690;73.110;67.610
16.03.2023;75.080;74.700;74.100;68.350
17.03.2023;73.720;72.970;74.930;66.740
20.03.2023;73.300;73.790;73.650;67.640
21.03.2023;74.600;75.320;75.050;69.330
22.03.2023;75.800;76.690;76.340;70.900
23.03.2023;76.910;75.910;75.700;69.960
24.03.2023;74.770;74.990;75.180;69.260
27.03.2023;76.720;78.120;77.480;72.810
28.03.2023;78.580;78.650;77.660;73.200
29.03.2023;78.250;78.280;77.330;72.970
30.03.2023;78.830;79.270;77.720;74.370
31.03.2023;79.580;79.770;77.200;75.670
03.04.2023;86.020;84.930;84.750;80.420
04.04.2023;86.010;84.940;84.550;80.710
05.04.2023;86.470;84.990;84.780;80.610
06.04.2023;86.610;85.120;83.900;80.700
07.04.2023;86.460;85.120;83.900;80.700
10.04.2023;85.990;84.180;83.910;79.740
11.04.2023;85.680;85.610;85.540;81.530
12.04.2023;87.330;87.330;87.310;83.260
13.04.2023;87.240;86.090;86.130;82.160
14.04.2023;86.770;86.310;86.020;82.520
17.04.2023;85.260;84.760;84.910;80.830
18.04.2023;85.700;84.770;84.820;80.860
19.04.2023;84.650;83.120;83.460;79.160
20.04.2023;82.150;81.100;80.540;77.290
21.04.2023;82.450;81.660;81.010;77.870
24.04.2023;83.070;82.730;82.720;78.760
25.04.2023;81.310;80.770;80.980;77.070
26.04.2023;80.630;77.690;77.440;74.300
27.04.2023;78.360;78.370;77.510;74.760
28.04.2023;79.460;79.540;77.810;76.780
01.05.2023;79.460;79.310;78.830;75.660
02.05.2023;78.980;75.320;74.990;71.660
03.05.2023;75.670;72.330;71.950;68.600
04.05.2023;75.110;72.500;72.170;68.560
05.05.2023;76.690;75.300;75.100;71.340
08.05.2023;77.440;77.010;76.730;73.160
09.05.2023;77.440;77.440;77.070;73.710
10.05.2023;77.350;76.410;75.890;72.560
11.05.2023;76.230;74.980;74.610;70.870
12.05.2023;75.200;74.170;73.330;70.040
15.05.2023;76.100;75.230;74.060;71.110
16.05.2023;75.560;74.910;73.900;70.860
17.05.2023;76.860;76.960;75.670;72.830
18.05.2023;76.770;75.860;74.540;71.860
19.05.2023;76.140;75.580;74.310;71.550
22.05.2023;76.390;75.990;74.790;71.990
23.05.2023;77.630;76.840;75.790;72.910
24.05.2023;78.440;78.360;77.300;74.340
25.05.2023;76.110;76.260;75.140;71.830
26.05.2023;77.000;76.950;75.860;72.670
29.05.2023;76.840;77.070;75.860;72.670
30.05.2023;74.130;73.540;71.570;69.460
31.05.2023;72.890;72.660;71.120;68.090
01.06.2023;75.920;74.280;72.700;70.100
02.06.2023;76.990;76.130;74.460;71.740
05.06.2023;78.100;76.710;75.700;72.150
06.06.2023;77.350;76.290;75.470;71.740
07.06.2023;78.270;76.950;76.160;72.530
08.06.2023;75.570;75.960;75.280;71.290
09.06.2023;76.750;74.790;74.120;70.170
12.06.2023;76.750;71.840;71.180;67.120
13.06.2023;74.640;74.290;73.760;69.420
14.06.2023;74.540;73.200;72.730;68.270
15.06.2023;75.500;75.670;75.270;70.620
16.06.2023;76.110;76.610;76.350;71.780
19.06.2023;76.480;76.090;76.350;71.780
20.06.2023;75.610;75.900;76.640;70.500
21.06.2023;76.920;77.120;77.880;72.530
22.06.2023;74.640;74.140;74.870;69.510
23.06.2023;74.000;73.850;74.860;69.160
26.06.2023;74.320;74.180;75.180;69.370
27.06.2023;73.380;72.260;73.300;67.700
28.06.2023;73.880;74.030;75.310;69.560
29.06.2023;74.010;74.340;76.330;69.860
30.06.2023;74.960;74.900;75.650;70.640
