date,value
03.01.2017,17968
06.01.2017,17933
09.01.2017,17911
10.01.2017,17578
11.01.2017,17245
12.01.2017,17118
13.01.2017,17353
16.01.2017,17328
17.01.2017,16905
18.01.2017,16597
19.01.2017,16111
20.01.2017,16840
23.01.2017,17119
24.01.2017,17133
25.01.2017,16991
26.01.2017,17459
27.01.2017,17109
30.01.2017,17346
31.01.2017,17644
01.02.2017,17693
02.02.2017,18192
03.02.2017,18108
06.02.2017,17228
07.02.2017,16926
08.02.2017,16850
09.02.2017,16958
10.02.2017,17429
13.02.2017,16692
14.02.2017,16777
15.02.2017,16482
16.02.2017,15978
17.02.2017,16100
20.02.2017,16626
21.02.2017,16778
24.02.2017,16610
27.02.2017,16604
28.02.2017,16342
01.03.2017,16791
02.03.2017,16304
03.03.2017,16402
06.03.2017,16563
08.03.2017,16356
09.03.2017,16091
10.03.2017,15780
13.03.2017,14828
14.03.2017,14626
15.03.2017,14575
16.03.2017,14932
17.03.2017,14614
20.03.2017,14532
21.03.2017,14356
22.03.2017,13555
23.03.2017,13667
24.03.2017,13771
27.03.2017,13690
28.03.2017,13626
29.03.2017,13602
30.03.2017,14243
31.03.2017,14496
03.04.2017,14450
04.04.2017,15065
05.04.2017,15193
06.04.2017,15415
07.04.2017,15587
10.04.2017,15996
11.04.2017,16584
12.04.2017,16410
13.04.2017,16344
14.04.2017,16294
17.04.2017,16487
18.04.2017,16473
19.04.2017,15996
20.04.2017,15801
21.04.2017,14810
24.04.2017,14753
25.04.2017,14751
26.04.2017,14675
27.04.2017,14417
01.05.2017,15019
02.05.2017,14616
03.05.2017,14267
04.05.2017,13660
09.05.2017,13979
10.05.2017,14626
11.05.2017,14921
12.05.2017,14570
15.05.2017,15355
16.05.2017,15298
17.05.2017,15478
18.05.2017,15693
19.05.2017,16334
22.05.2017,16349
23.05.2017,16016
24.05.2017,16106
25.05.2017,15585
26.05.2017,14937
29.05.2017,15177
30.05.2017,15107
31.05.2017,14416
01.06.2017,14964
02.06.2017,14366
05.06.2017,14079
06.06.2017,14143
07.06.2017,13722
08.06.2017,13438
12.06.2017,14037
13.06.2017,13792
14.06.2017,13117
15.06.2017,13235
16.06.2017,13369
19.06.2017,13571
20.06.2017,12819
21.06.2017,13121
22.06.2017,13519
23.06.2017,13450
26.06.2017,13372
27.06.2017,13993
28.06.2017,14119
29.06.2017,14570
14.07.2017,15245
17.07.2017,15224
18.07.2017,15332
19.07.2017,15866
20.07.2017,15834
21.07.2017,15362
24.07.2017,15345
25.07.2017,16257
26.07.2017,16615
27.07.2017,17074
28.07.2017,17447
31.07.2017,17494
01.08.2017,17256
02.08.2017,17795
03.08.2017,18312
04.08.2017,18115
07.08.2017,17520
08.08.2017,17897
09.08.2017,17835
10.08.2017,18042
11.08.2017,17570
14.08.2017,17591
15.08.2017,16734
16.08.2017,16394
17.08.2017,16132
18.08.2017,16309
21.08.2017,16482
22.08.2017,16518
23.08.2017,16542
24.08.2017,16419
25.08.2017,16319
28.08.2017,16322
29.08.2017,15846
30.08.2017,15887
31.08.2017,16383
01.09.2017,16427
04.09.2017,16168
05.09.2017,16585
06.09.2017,16974
07.09.2017,16584
08.09.2017,16533
11.09.2017,16097
12.09.2017,16566
13.09.2017,16862
14.09.2017,17386
15.09.2017,17273
18.09.2017,16516
19.09.2017,16887
20.09.2017,17532
21.09.2017,17631
22.09.2017,17785
25.09.2017,18381
26.09.2017,18295
27.09.2017,18094
28.09.2017,18078
29.09.2017,17969
02.10.2017,17461
03.10.2017,17822
04.10.2017,17887
05.10.2017,18320
06.10.2017,17251
09.10.2017,17386
10.10.2017,18031
11.10.2017,18114
12.10.2017,17266
13.10.2017,17718
16.10.2017,17988
17.10.2017,17148
18.10.2017,17392
19.10.2017,17218
20.10.2017,17257
23.10.2017,17150
24.10.2017,17223
25.10.2017,17503
26.10.2017,17908
27.10.2017,18759
30.10.2017,18935
31.10.2017,19273
01.11.2017,19422
02.11.2017,19215
06.11.2017,21160
07.11.2017,21208
08.11.2017,21180
09.11.2017,21657
10.11.2017,21599
13.11.2017,21186
14.11.2017,20297
15.11.2017,20691
16.11.2017,20158
17.11.2017,20362
20.11.2017,19856
21.11.2017,19982
22.11.2017,20330
23.11.2017,20400
24.11.2017,20354
27.11.2017,20381
28.11.2017,20245
29.11.2017,20135
30.11.2017,20122
01.12.2017,20827
04.12.2017,20246
05.12.2017,20395
06.12.2017,19729
07.12.2017,20040
08.12.2017,20901
11.12.2017,21512
12.12.2017,21317
13.12.2017,20498
14.12.2017,20811
15.12.2017,20640
19.12.2017,20187
20.12.2017,20631
21.12.2017,20754
22.12.2017,20634
25.12.2017,20538
26.12.2017,20493
27.12.2017,21244
28.12.2017,21145
08.01.2018,21816
09.01.2018,21821
10.01.2018,21889
11.01.2018,22252
12.01.2018,22704
15.01.2018,22109
16.01.2018,21712
17.01.2018,21725
18.01.2018,21407
19.01.2018,21478
22.01.2018,21434
23.01.2018,21450
24.01.2018,21525
25.01.2018,21982
26.01.2018,21593
29.01.2018,20747
30.01.2018,20619
31.01.2018,20868
01.02.2018,21059
02.02.2018,20331
05.02.2018,20357
06.02.2018,19900
07.02.2018,19525
08.02.2018,18610
09.02.2018,18454
12.02.2018,18341
13.02.2018,18594
14.02.2018,18286
15.02.2018,18686
16.02.2018,18522
19.02.2018,18755
20.02.2018,18704
21.02.2018,18683
23.02.2018,19507
26.02.2018,19789
27.02.2018,19102
28.02.2018,18822
01.03.2018,18069
02.03.2018,17985
05.03.2018,18663
06.03.2018,19028
09.03.2018,18366
12.03.2018,18419
13.03.2018,17980
14.03.2018,18050
15.03.2018,18539
16.03.2018,19547
19.03.2018,19855
20.03.2018,20596
21.03.2018,21412
22.03.2018,21487
23.03.2018,21596
26.03.2018,21889
27.03.2018,22066
28.03.2018,21793
29.03.2018,22072
30.03.2018,22158
02.04.2018,21376
03.04.2018,21102
04.04.2018,20837
05.04.2018,21207
06.04.2018,20828
09.04.2018,21328
10.04.2018,22995
11.04.2018,25195
12.04.2018,25851
13.04.2018,24943
16.04.2018,24119
17.04.2018,23943
18.04.2018,24290
19.04.2018,25194
20.04.2018,24241
23.04.2018,24591
24.04.2018,25285
25.04.2018,24620
26.04.2018,25029
27.04.2018,25682
02.05.2018,24303
03.05.2018,24568
04.05.2018,25780
07.05.2018,26613
09.05.2018,27232
10.05.2018,27297
11.05.2018,27221
14.05.2018,27361
15.05.2018,27709
16.05.2018,27148
17.05.2018,28019
18.05.2018,27041
21.05.2018,27080
22.05.2018,28223
23.05.2018,26857
24.05.2018,27069
25.05.2018,25590
28.05.2018,25406
29.05.2018,25240
30.05.2018,26423
31.05.2018,26982
01.06.2018,25924
04.06.2018,25519
05.06.2018,25085
06.06.2018,25384
07.06.2018,26442
08.06.2018,26614
12.06.2018,25812
13.06.2018,25738
14.06.2018,26054
15.06.2018,24279
18.06.2018,25293
19.06.2018,25204
20.06.2018,25604
21.06.2018,24624
22.06.2018,25111
25.06.2018,24713
26.06.2018,24958
27.06.2018,26397
28.06.2018,26476
13.07.2018,24429
16.07.2018,22799
17.07.2018,22899
18.07.2018,22976
19.07.2018,23964
20.07.2018,23987
23.07.2018,24699
24.07.2018,24453
25.07.2018,24503
26.07.2018,24840
27.07.2018,25073
30.07.2018,25257
31.07.2018,24845
01.08.2018,23652
02.08.2018,24175
03.08.2018,24397
06.08.2018,24892
07.08.2018,25087
08.08.2018,23998
09.08.2018,24199
10.08.2018,25620
13.08.2018,25673
14.08.2018,26146
15.08.2018,24267
16.08.2018,25079
17.08.2018,25780
20.08.2018,26002
21.08.2018,26360
22.08.2018,27406
23.08.2018,27959
24.08.2018,29132
27.08.2018,28794
28.08.2018,29040
29.08.2018,28907
30.08.2018,29971
31.08.2018,30199
03.09.2018,30445
04.09.2018,30377
05.09.2018,30293
06.09.2018,29690
07.09.2018,29516
10.09.2018,30430
11.09.2018,31597
12.09.2018,32365
13.09.2018,31210
14.09.2018,30775
17.09.2018,30815
18.09.2018,30400
19.09.2018,30047
20.09.2018,29407
21.09.2018,29215
24.09.2018,30080
25.09.2018,30773
26.09.2018,30205
28.09.2018,31253
01.10.2018,31775
02.10.2018,32299
03.10.2018,31993
04.10.2018,32377
05.10.2018,32329
08.10.2018,31825
09.10.2018,32687
10.10.2018,31650
11.10.2018,29970
12.10.2018,30163
15.10.2018,29387
16.10.2018,28074
17.10.2018,27472
18.10.2018,27130
19.10.2018,27390
22.10.2018,27114
23.10.2018,25485
24.10.2018,25199
25.10.2018,25634
26.10.2018,25817
29.10.2018,26101
30.10.2018,25500
31.10.2018,25546
01.11.2018,23783
05.11.2018,24186
06.11.2018,23189
07.11.2018,23281
08.11.2018,23152
09.11.2018,22528
12.11.2018,23365
13.11.2018,21355
14.11.2018,21177
15.11.2018,21969
16.11.2018,23244
19.11.2018,21726
20.11.2018,21036
21.11.2018,20134
22.11.2018,20047
23.11.2018,18819
26.11.2018,18950
27.11.2018,19298
28.11.2018,19172
29.11.2018,18654
30.11.2018,18333
03.12.2018,19788
04.12.2018,20158
05.12.2018,19864
06.12.2018,18758
07.12.2018,19669
10.12.2018,19321
11.12.2018,18586
12.12.2018,18939
13.12.2018,18808
14.12.2018,19014
17.12.2018,18716
18.12.2018,21081
18.12.2018,20883
19.12.2018,20711
20.12.2018,19766
21.12.2018,19109
24.12.2018,18678
25.12.2018,18802
26.12.2018,18591
27.12.2018,19232
28.12.2018,18614
08.01.2019,22507
09.01.2019,23765
10.01.2019,23307
11.01.2019,23211
14.01.2019,22493
15.01.2019,22716
16.01.2019,23680
17.01.2019,23809
18.01.2019,24485
21.01.2019,24462
22.01.2019,24006
23.01.2019,24022
24.01.2019,23775
25.01.2019,23879
28.01.2019,22928
29.01.2019,23326
30.01.2019,24103
31.01.2019,24079
01.02.2019,23549
04.02.2019,24131
05.02.2019,24017
06.02.2019,23819
07.02.2019,23686
08.02.2019,23807
11.02.2019,23768
12.02.2019,24141
13.02.2019,24688
14.02.2019,25097
15.02.2019,26184
18.02.2019,26045
19.02.2019,25720
20.02.2019,26019
21.02.2019,26105
22.02.2019,26030
25.02.2019,25173
26.02.2019,24436
27.02.2019,25118
28.02.2019,25148
01.03.2019,24964
04.03.2019,24896
05.03.2019,24880
06.03.2019,24864
08.03.2019,24567
11.03.2019,25551
12.03.2019,25879
13.03.2019,25925
14.03.2019,26190
15.03.2019,25741
18.03.2019,25504
19.03.2019,25370
20.03.2019,25393
21.03.2019,25907
22.03.2019,24596
25.03.2019,24988
26.03.2019,25769
27.03.2019,26001
28.03.2019,25666
29.03.2019,26533
01.04.2019,27270
02.04.2019,27825
03.04.2019,27640
04.04.2019,27909
05.04.2019,28218
08.04.2019,28945
09.04.2019,28442
10.04.2019,28585
11.04.2019,28411
12.04.2019,28444
15.04.2019,27542
16.04.2019,27512
17.04.2019,27781
18.04.2019,27617
19.04.2019,27676
22.04.2019,27624
23.04.2019,28960
24.04.2019,29026
25.04.2019,29538
26.04.2019,28117
29.04.2019,28335
03.05.2019,28462
06.05.2019,27744
07.05.2019,27884
10.05.2019,28061
13.05.2019,28010
14.05.2019,28479
15.05.2019,28847
16.05.2019,28716
17.05.2019,28115
20.05.2019,27884
21.05.2019,27408
22.05.2019,26928
23.05.2019,24976
24.05.2019,25026
27.05.2019,25889
28.05.2019,25940
29.05.2019,25326
30.05.2019,24801
14.06.2019,21313
17.06.2019,20727
18.06.2019,22017
19.06.2019,21692
20.06.2019,22718
21.06.2019,22973
24.06.2019,22295
25.06.2019,22733
26.06.2019,23087
27.06.2019,23200
28.06.2019,23489
01.07.2019,22921
02.07.2019,21844
03.07.2019,22115
04.07.2019,22472
05.07.2019,22799
08.07.2019,23191
09.07.2019,22874
10.07.2019,24107
11.07.2019,24603
12.07.2019,24160
15.07.2019,24195
16.07.2019,23779
17.07.2019,22849
18.07.2019,22006
19.07.2019,22291
22.07.2019,23009
23.07.2019,23085
24.07.2019,23844
25.07.2019,23768
26.07.2019,24009
29.07.2019,23867
30.07.2019,24513
31.07.2019,24976
01.08.2019,24292
02.08.2019,23751
05.08.2019,23005
06.08.2019,22817
07.08.2019,20825
08.08.2019,21409
09.08.2019,22014
12.08.2019,21918
13.08.2019,23385
14.08.2019,21975
15.08.2019,21620
16.08.2019,22363
19.08.2019,22863
20.08.2019,23112
21.08.2019,23985
22.08.2019,23159
23.08.2019,22445
26.08.2019,22814
27.08.2019,22358
28.08.2019,23544
29.08.2019,23504
30.08.2019,22732
02.09.2019,21978
03.09.2019,21524
04.09.2019,23218
05.09.2019,23956
06.09.2019,22865
09.09.2019,23920
10.09.2019,24085
11.09.2019,23105
12.09.2019,21868
13.09.2019,22020
16.09.2019,26287
17.09.2019,24845
18.09.2019,24182
19.09.2019,24526
20.09.2019,24470
23.09.2019,23928
24.09.2019,23301
25.09.2019,21728
26.09.2019,21759
27.09.2019,21939
30.09.2019,21042
01.10.2019,20712
02.10.2019,20189
03.10.2019,19376
04.10.2019,19937
07.10.2019,20320
08.10.2019,19267
09.10.2019,20141
10.10.2019,19920
11.10.2019,20731
14.10.2019,19423
15.10.2019,19582
16.10.2019,19585
17.10.2019,19391
18.10.2019,19876
21.10.2019,19355
22.10.2019,20221
23.10.2019,20924
24.10.2019,21817
25.10.2019,22113
28.10.2019,22034
29.10.2019,22672
30.10.2019,22250
31.10.2019,22108
04.11.2019,24121
05.11.2019,24211
06.11.2019,23615
07.11.2019,24036
08.11.2019,23714
11.11.2019,24163
12.11.2019,23992
13.11.2019,23584
14.11.2019,23159
15.11.2019,23561
18.11.2019,22512
19.11.2019,22122
20.11.2019,22875
21.11.2019,22854
22.11.2019,22855
25.11.2019,22106
26.11.2019,22385
27.11.2019,22288
28.11.2019,22169
29.11.2019,21237
02.12.2019,21498
03.12.2019,21447
04.12.2019,22527
05.12.2019,22371
06.12.2019,22477
09.12.2019,22543
10.12.2019,22804
11.12.2019,22221
12.12.2019,22855
13.12.2019,22880
16.12.2019,22189
17.12.2019,23336
18.12.2019,23455
19.12.2019,23566
20.12.2019,22671
23.12.2019,22797
24.12.2019,22755
25.12.2019,22697
26.12.2019,22952
27.12.2019,23245
08.01.2020,23314
09.01.2020,22700
10.01.2020,22449
13.01.2020,21757
14.01.2020,22235
15.01.2020,22255
16.01.2020,22632
17.01.2020,22387
20.01.2020,22563
21.01.2020,22243
22.01.2020,21710
23.01.2020,21042
24.01.2020,20512
27.01.2020,19655
28.01.2020,20391
29.01.2020,20991
30.01.2020,20576
31.01.2020,20264
03.02.2020,18912
04.02.2020,19349
05.02.2020,19918
06.02.2020,19140
07.02.2020,18996
10.02.2020,18515
11.02.2020,19024
12.02.2020,19963
13.02.2020,19903
14.02.2020,20619
17.02.2020,20743
18.02.2020,21377
19.02.2020,22806
20.02.2020,22909
24.02.2020,20062
25.02.2020,19997
26.02.2020,19440
27.02.2020,18144
28.02.2020,17268
02.03.2020,18745
03.03.2020,18860
04.03.2020,18907
05.03.2020,18616
09.03.2020,9097
10.03.2020,9043
11.03.2020,9510
12.03.2020,6920
13.03.2020,7939
16.03.2020,5220
17.03.2020,5659
18.03.2020,2436
19.03.2020,3604
20.03.2020,4933
23.03.2020,2985
24.03.2020,5065
25.03.2020,4046
26.03.2020,3846
03.04.2020,5195
06.04.2020,5019
07.04.2020,5537
08.04.2020,5038
09.04.2020,5964
10.04.2020,8171
13.04.2020,8086
14.04.2020,4115
15.04.2020,2292
16.04.2020,6688
17.04.2020,7529
20.04.2020,7451
21.04.2020,3948
22.04.2020,4336
23.04.2020,5806
24.04.2020,5779
27.04.2020,4432
28.04.2020,5382
29.04.2020,7160
05.05.2020,12544
06.05.2020,11991
07.05.2020,13852
11.05.2020,13399
12.05.2020,13395
13.05.2020,13520
14.05.2020,13868
15.05.2020,15146
18.05.2020,17224
19.05.2020,16520
20.05.2020,17288
21.05.2020,17401
22.05.2020,16241
25.05.2020,17662
26.05.2020,17017
27.05.2020,16452
28.05.2020,16916
29.05.2020,17989
01.06.2020,18584
02.06.2020,19583
03.06.2020,19337
04.06.2020,19141
05.06.2020,21196
08.06.2020,20546
09.06.2020,20082
10.06.2020,20452
12.06.2020,19547
15.06.2020,19547
16.06.2020,18314
17.06.2020,18783
18.06.2020,18910
19.06.2020,19674
22.06.2020,19892
24.06.2020,18839
25.06.2020,18476
26.06.2020,18479
01.07.2020,19979
02.07.2020,20274
03.07.2020,19646
06.07.2020,19991
07.07.2020,20363
08.07.2020,20711
09.07.2020,20126
10.07.2020,19853
13.07.2020,20306
14.07.2020,19803
15.07.2020,20198
16.07.2020,20172
17.07.2020,19262
20.07.2020,18966
21.07.2020,20552
22.07.2020,18928
23.07.2020,19480
24.07.2020,18479
27.07.2020,18157
28.07.2020,18750
29.07.2020,19235
30.07.2020,18602
31.07.2020,19213
03.08.2020,19915
04.08.2020,20220
05.08.2020,20992
06.08.2020,20470
07.08.2020,19722
10.08.2020,20105
11.08.2020,20384
12.08.2020,20585
13.08.2020,19856
14.08.2020,19555
17.08.2020,19816
18.08.2020,20025
19.08.2020,20136
20.08.2020,19733
21.08.2020,19350
24.08.2020,20721
25.08.2020,21613
26.08.2020,20934
27.08.2020,21016
11.09.2020,17348
14.09.2020,17447
15.09.2020,17227
16.09.2020,19066
17.09.2020,19682
18.09.2020,19784
21.09.2020,18337
22.09.2020,19413
23.09.2020,19688
24.09.2020,19181
25.09.2020,19550
28.09.2020,19872
29.09.2020,19509
30.09.2020,20032
01.10.2020,18448
02.10.2020,17832
05.10.2020,19579
06.10.2020,19660
07.10.2020,20123
08.10.2020,19984
09.10.2020,20184
12.10.2020,18973
13.10.2020,19688
14.10.2020,20359
15.10.2020,19969
16.10.2020,20838
19.10.2020,20856
20.10.2020,20482
21.10.2020,20082
22.10.2020,20551
23.10.2020,20322
26.10.2020,18668
27.10.2020,19524
28.10.2020,18765
29.10.2020,18062
30.10.2020,17704
02.11.2020,17995
04.11.2020,20534
05.11.2020,20014
06.11.2020,19543
09.11.2020,20678
10.11.2020,20606
11.11.2020,21341
12.11.2020,21064
13.11.2020,20614
16.11.2020,21808
17.11.2020,20655
18.11.2020,21781
19.11.2020,21002
20.11.2020,21466
23.11.2020,22689
24.11.2020,23439
25.11.2020,24320
26.11.2020,23987
27.11.2020,23960
30.11.2020,23783
01.12.2020,23793
02.12.2020,24020
03.12.2020,24114
04.12.2020,23976
07.12.2020,23500
08.12.2020,23448
09.12.2020,23137
10.12.2020,24569
11.12.2020,24408
14.12.2020,24166
15.12.2020,24003
16.12.2020,23931
17.12.2020,24334
18.12.2020,24700
21.12.2020,23963
22.12.2020,24423
23.12.2020,24897
24.12.2020,25336
25.12.2020,24817
28.12.2020,24454
29.12.2020,24098
08.01.2021,27283
11.01.2021,27259
12.01.2021,28324
13.01.2021,28051
14.01.2021,27364
15.01.2021,27554
18.01.2021,26978
19.01.2021,27846
20.01.2021,28170
21.01.2021,27535
22.01.2021,26972
25.01.2021,27301
26.01.2021,28250
27.01.2021,28295
28.01.2021,27606
29.01.2021,27952
30.01.2021,33143
01.02.2021,28425
02.02.2021,29341
03.02.2021,29976
04.02.2021,30274
05.02.2021,30484
08.02.2021,30793
09.02.2021,30576
10.02.2021,30647
11.02.2021,30419
12.02.2021,30438
15.02.2021,31536
16.02.2021,30736
17.02.2021,30509
18.02.2021,31055
19.02.2021,30562
23.02.2021,31901
24.02.2021,32334
25.02.2021,32205
26.02.2021,31590
01.03.2021,31699
02.03.2021,30674
03.03.2021,30941
04.03.2021,32509
08.03.2021,34340
09.03.2021,34044
10.03.2021,33096
11.03.2021,34351
12.03.2021,33952
15.03.2021,33364
16.03.2021,32731
17.03.2021,32795
18.03.2021,30249
19.03.2021,29747
22.03.2021,30051
23.03.2021,29322
24.03.2021,30418
25.03.2021,30228
26.03.2021,30821
29.03.2021,30559
30.03.2021,31321
31.03.2021,31060
01.04.2021,30811
02.04.2021,30886
05.04.2021,30535
06.04.2021,31058
07.04.2021,30524
08.04.2021,30868
09.04.2021,30483
12.04.2021,31270
13.04.2021,31655
14.04.2021,33141
15.04.2021,32866
16.04.2021,33731
19.04.2021,33040
20.04.2021,33389
21.04.2021,32458
22.04.2021,32897
23.04.2021,32511
26.04.2021,32293
27.04.2021,31562
28.04.2021,32971
29.04.2021,33174
18.05.2021,34043
19.05.2021,32509
20.05.2021,31547
21.05.2021,32346
24.05.2021,32634
25.05.2021,33382
26.05.2021,33427
27.05.2021,33836
28.05.2021,33578
31.05.2021,33924
01.06.2021,34085
02.06.2021,35043
03.06.2021,35126
04.06.2021,34999
07.06.2021,34823
08.06.2021,34684
09.06.2021,35246
10.06.2021,34712
14.06.2021,35098
15.06.2021,35347
16.06.2021,36261
17.06.2021,35132
18.06.2021,35718
21.06.2021,35828
22.06.2021,36604
23.06.2021,37091
24.06.2021,37074
25.06.2021,36730
28.06.2021,35950
29.06.2021,36339
16.07.2021,36028
19.07.2021,33134
20.07.2021,32604
21.07.2021,34459
22.07.2021,35868
23.07.2021,35196
26.07.2021,35879
27.07.2021,36045
28.07.2021,36079
29.07.2021,36741
30.07.2021,36699
02.08.2021,34496
03.08.2021,34548
04.08.2021,33164
05.08.2021,33682
06.08.2021,33239
09.08.2021,32144
10.08.2021,33618
11.08.2021,33014
12.08.2021,34057
13.08.2021,33562
16.08.2021,32646
17.08.2021,32869
18.08.2021,32476
19.08.2021,30882
20.08.2021,30649
23.08.2021,32753
24.08.2021,33493
25.08.2021,33863
26.08.2021,33565
27.08.2021,33687
30.08.2021,35861
17.09.2021,35545
20.09.2021,35202
21.09.2021,36037
22.09.2021,35125
23.09.2021,37390
24.09.2021,37436
27.09.2021,38880
28.09.2021,38407
29.09.2021,38053
30.09.2021,38119
01.10.2021,38246
04.10.2021,39929
05.10.2021,40721
06.10.2021,39685
07.10.2021,40079
08.10.2021,40839
11.10.2021,41116
12.10.2021,40776
13.10.2021,40527
14.10.2021,41140
15.10.2021,41586
18.10.2021,40138
19.10.2021,40660
20.10.2021,40303
21.10.2021,39520
22.10.2021,40563
25.10.2021,41393
26.10.2021,40868
27.10.2021,39772
28.10.2021,39316
29.10.2021,40334
01.11.2021,40522
02.11.2021,40920
05.11.2021,39791
08.11.2021,40090
09.11.2021,40785
10.11.2021,40231
11.11.2021,39067
12.11.2021,39163
15.11.2021,39382
16.11.2021,39790
17.11.2021,38823
18.11.2021,38784
19.11.2021,37287
22.11.2021,38040
23.11.2021,40123
24.11.2021,40918
25.11.2021,40651
26.11.2021,34264
29.11.2021,35627
01.12.2021,32432
02.12.2021,32532
03.12.2021,33490
06.12.2021,34650
07.12.2021,36208
08.12.2021,36691
09.12.2021,35644
10.12.2021,35282
13.12.2021,35482
14.12.2021,34928
15.12.2021,35008
16.12.2021,35919
17.12.2021,34833
20.12.2021,36355
21.12.2021,38195
22.12.2021,38750
23.12.2021,38838
24.12.2021,38861
27.12.2021,40204
28.12.2021,40445
29.12.2021,40783
07.01.2022,43113
10.01.2022,42306
11.01.2022,44820
12.01.2022,45246
13.01.2022,45339
14.01.2022,45864
17.01.2022,47469
18.01.2022,48239
19.01.2022,49049
20.01.2022,49411
21.01.2022,48926
24.01.2022,47946
25.01.2022,49719
26.01.2022,51836
27.01.2022,51481
28.01.2022,51940
31.01.2022,51749
01.02.2022,49888
02.02.2022,49652
03.02.2022,49557
04.02.2022,53029
07.02.2022,50477
08.02.2022,48980
09.02.2022,50348
10.02.2022,48464
11.02.2022,50066
14.02.2022,51264
15.02.2022,50296
16.02.2022,51388
17.02.2022,48424
18.02.2022,48626
21.02.2022,49858
23.02.2022,53062
24.02.2022,54022
25.02.2022,50748
28.02.2022,51866
01.03.2022,60909
02.03.2022,60372
03.03.2022,66094
04.03.2022,69426
08.03.2022,74933
09.03.2022,59560
10.03.2022,64207
11.03.2022,72495
14.03.2022,61961
15.03.2022,54151
16.03.2022,48212
17.03.2022,54705
18.03.2022,54697
21.03.2022,61761
22.03.2022,62380
23.03.2022,66707
24.03.2022,63851
25.03.2022,60293
28.03.2022,53793
29.03.2022,50540
30.03.2022,47932
31.03.2022,43096
01.04.2022,40054
04.04.2022,42203
05.04.2022,38816
06.04.2022,34690
07.04.2022,33750
08.04.2022,30457
11.04.2022,28481
12.04.2022,34490
13.04.2022,35837
14.04.2022,39532
15.04.2022,40254
18.04.2022,40602
19.04.2022,37337
20.04.2022,37019
21.04.2022,36586
22.04.2022,35178
25.04.2022,32227
26.04.2022,34382
27.04.2022,34273
28.04.2022,36033
03.05.2022,33526
04.05.2022,36694
05.05.2022,36575
10.05.2022,30475
11.05.2022,33410
12.05.2022,34166
13.05.2022,34863
16.05.2022,35191
17.05.2022,34155
18.05.2022,32792
19.05.2022,34387
20.05.2022,34264
23.05.2022,32316
24.05.2022,31986
25.05.2022,31497
26.05.2022,32742
27.05.2022,37460
30.05.2022,41568
31.05.2022,39989
01.06.2022,35508
02.06.2022,36167
03.06.2022,37353
06.06.2022,37495
07.06.2022,37471
08.06.2022,38961
09.06.2022,38197
13.06.2022,36123
14.06.2022,35575
15.06.2022,33773
16.06.2022,33425
17.06.2022,30163
20.06.2022,30565
21.06.2022,30512
22.06.2022,28283
23.06.2022,26678
24.06.2022,29000
27.06.2022,28997
28.06.2022,30306
29.06.2022,29312
30.06.2022,27549
01.07.2022,26912
04.07.2022,28477
05.07.2022,26739
06.07.2022,24793
07.07.2022,29013
08.07.2022,32384
11.07.2022,29359
12.07.2022,25350
13.07.2022,26074
14.07.2022,23860
15.07.2022,24763
18.07.2022,27033
19.07.2022,26882
20.07.2022,26033
21.07.2022,24285
22.07.2022,24782
25.07.2022,26179
26.07.2022,26002
27.07.2022,27223
28.07.2022,28733
16.08.2022,29685
17.08.2022,30967
18.08.2022,32212
19.08.2022,31831
22.08.2022,31257
23.08.2022,33283
24.08.2022,33893
25.08.2022,32733
26.08.2022,33123
29.08.2022,36114
30.08.2022,33238
31.08.2022,31553
01.09.2022,29181
02.09.2022,29371
05.09.2022,30971
06.09.2022,29213
07.09.2022,26959
08.09.2022,27325
09.09.2022,28924
12.09.2022,29238
13.09.2022,28802
14.09.2022,28925
15.09.2022,26930
16.09.2022,27126
19.09.2022,28095
20.09.2022,27448
21.09.2022,26942
22.09.2022,27672
23.09.2022,24710
26.09.2022,23074
27.09.2022,24050
28.09.2022,25663
29.09.2022,25339
30.09.2022,24161
03.10.2022,24024
04.10.2022,26655
05.10.2022,27938
06.10.2022,28790
07.10.2022,31233
10.10.2022,30884
11.10.2022,30278
12.10.2022,29975
13.10.2022,31141
14.10.2022,29057
17.10.2022,28617
18.10.2022,27110
19.10.2022,28145
20.10.2022,27804
21.10.2022,27614
24.10.2022,28328
25.10.2022,27932
26.10.2022,29954
27.10.2022,30109
28.10.2022,29534
16.11.2022,26905
17.11.2022,25320
18.11.2022,23040
21.11.2022,23332
22.11.2022,23087
23.11.2022,21995
24.11.2022,21896
25.11.2022,20754
28.11.2022,20634
29.11.2022,20011
30.11.2022,21622
01.12.2022,22561
02.12.2022,21916
05.12.2022,21635
06.12.2022,17995
07.12.2022,17207
08.12.2022,15474
09.12.2022,16050
12.12.2022,16595
13.12.2022,17947
14.12.2022,19551
15.12.2022,19176
16.12.2022,16867
19.12.2022,17037
20.12.2022,17062
21.12.2022,19247
22.12.2022,19893
23.12.2022,20416
27.12.2022,
28.12.2022,
29.12.2022,
30.12.2022,20775
03.01.2023,22408
04.01.2023,18916
05.01.2023,19815
06.01.2023,20244
09.01.2023,20238
10.01.2023,19740
11.01.2023,20376
12.01.2023,21585
13.01.2023,21413
16.01.2023,21326
17.01.2023,22767
18.01.2023,23834
19.01.2023,23053
20.01.2023,24051
23.01.2023,25000
24.01.2023,23727
25.01.2023,23647
26.01.2023,24385
27.01.2023,23942
30.01.2023,23641
31.01.2023,23510
01.02.2023,23173
02.02.2023,21653
03.02.2023,21877
06.02.2023,20817
07.02.2023,22554
08.02.2023,23279
09.02.2023,23553
10.02.2023,25514
13.02.2023,25565
14.02.2023,25351
15.02.2023,24789
16.02.2023,25334
17.02.2023,24170
20.02.2023,24937
21.02.2023,24355
22.02.2023,23585
23.02.2023,23904
24.02.2023,24478
27.02.2023,24195
28.02.2023,25651
01.03.2023,25506
02.03.2023,26557
03.03.2023,26699
06.03.2023,27059
07.03.2023,25907
08.03.2023,24929
09.03.2023,25745
10.03.2023,25813
13.03.2023,25371
14.03.2023,23850
15.03.2023,19183
16.03.2023,20526
17.03.2023,20156
20.03.2023,19868
21.03.2023,21359
22.03.2023,22222
23.03.2023,22594
24.03.2023,20674
27.03.2023,22042
28.03.2023,23798
29.03.2023,23932
30.03.2023,24728
31.03.2023,26132
03.04.2023,30825
04.04.2023,31648
05.04.2023,32484
06.04.2023,33099
07.04.2023,33630
10.04.2023,34414
11.04.2023,33787
12.04.2023,35620
13.04.2023,35324
14.04.2023,35570
17.04.2023,35021
18.04.2023,35592
19.04.2023,34957
20.04.2023,33214
21.04.2023,33377
24.04.2023,33879
25.04.2023,33227
26.04.2023,33856
27.04.2023,32711
28.04.2023,34105
01.05.2023,33617
02.05.2023,30145
03.05.2023,27143
04.05.2023,27320
05.05.2023,28448
08.05.2023,28448
09.05.2023,28468
10.05.2023,29580
11.05.2023,28832
12.05.2023,27953
15.05.2023,28576
16.05.2023,29225
17.05.2023,32007
18.05.2023,30629
19.05.2023,30340
22.05.2023,30276
23.05.2023,31045
24.05.2023,31985
25.05.2023,30506
26.05.2023,31077
29.05.2023,31070
30.05.2023,29258
31.05.2023,28831
01.06.2023,30256
02.06.2023,31329
05.06.2023,32195
06.06.2023,31723
07.06.2023,32287
08.06.2023,31607
09.06.2023,32593
12.06.2023,30358
13.06.2023,31478
14.06.2023,31945
15.06.2023,33483
16.06.2023,33917
19.06.2023,34045
20.06.2023,33501
21.06.2023,35025
22.06.2023,33199
23.06.2023,32678
26.06.2023,33241
27.06.2023,32956
28.06.2023,33611
29.06.2023,33733
30.06.2023,36110
